[warning] method.kind = "bse-tda" is Smoke-grade (see docs/VALIDATION.md): only excitation ordering and a physicality gate are checked; the excitation-energy gap error is inherited directly from the underlying GW quasiparticle gap (also Smoke-grade).
[ferric] memory budget: 10.54 GiB  [source: auto (0.8 × available RAM)]
ferric-gw: redressed eigenpotentials, max |‖V_α‖² − 1| = 2.138e-13
ferric-gw WARNING: G0W0 QP Newton solve did not converge for 1/174 state(s) (MO indices [162]); returned ε_qp for these states is the last Newton iterate, not a converged root.
warning: QP Newton solve did not converge for MO(s) [162] (root near a Σc pole?); those QP energies are best-effort
ferric BSE diag: λ_max(0)=2.5217  GW gap=0.3967 Ha (10.795 eV)  IP=10.041 eV
BSE-TDA[G0W0@HF]/aug-cc-pvdz (aux: aug-cc-pvdz-rifit) on testdata/molecules/thiel_set/pyrazine.xyz
  nbasis     = 174
  RHF energy = -262.7152438281 Hartree
  nocc = 21  nvir = 153  (3213 singlet states)
     n   Omega (eV)      f_osc
     1       5.0165    0.00865
     2       5.8134    0.00000
     3       5.9638    0.17400
     4       6.7627    0.00000
     5       7.1359    0.08928
     6       7.2958    0.00000
     7       7.3510    0.00000
     8       7.7184    0.00000
     9       7.8165    0.03948
    10       7.9125    0.02071
    11       7.9853    0.19084
    12       8.1030    0.12627
    13       8.2203    0.00204
    14       8.2564    0.00000
    15       8.5756    0.00000
    16       8.6504    0.00000
    17       8.6839    0.00000
    18       8.6967    0.55594
    19       8.7186    0.00000
    20       8.9299    0.00000
    21       9.0672    0.49020
    22       9.0794    0.00000
    23       9.1287    0.00000
    24       9.2546    0.00000
    25       9.2684    0.06095
    26       9.3237    0.00000
    27       9.3892    0.00000
    28       9.5001    0.00000
    29       9.5001    0.00000
    30       9.5165    0.00000
    31       9.7552    0.11212
    32       9.8095    0.02891
    33       9.8292    0.00000
    34       9.9255    0.05158
    35       9.9333    0.00849
    36       9.9780    0.00220
    37       9.9972    0.00000
    38      10.0069    0.00154
    39      10.1039    0.00000
    40      10.1533    0.00000
    41      10.2210    0.00000
    42      10.2312    0.00000
    43      10.2956    0.00000
    44      10.3251    0.00000
    45      10.4516    0.00510
    46      10.4749    0.00000
    47      10.5114    0.03668
    48      10.5663    0.00000
    49      10.5691    0.00314
    50      10.5882    0.00000
    51      10.6923    0.03120
    52      10.7726    0.00000
    53      10.7812    0.00000
    54      10.8146    0.00039
    55      10.8302    0.00000
    56      10.8742    0.00000
    57      10.8812    0.09228
    58      10.9131    0.00000
    59      10.9375    0.00000
    60      11.0778    0.00000
    61      11.0831    0.00000
    62      11.0894    0.01259
    63      11.0951    0.03864
    64      11.1386    0.22625
    65      11.1823    0.02135
    66      11.3391    0.00000
    67      11.4380    0.00000
    68      11.4493    0.00000
    69      11.4552    0.00000
    70      11.5633    0.00000
    71      11.5633    0.08312
    72      11.6015    0.00000
    73      11.6447    0.00000
    74      11.7292    0.00877
    75      11.8237    0.00000
    76      11.8502    0.01098
    77      11.9153    0.05070
    78      11.9181    0.00000
    79      11.9504    0.00000
    80      11.9906    0.00000
    81      12.0374    0.00000
    82      12.1432    0.00000
    83      12.1480    0.02905
    84      12.1541    0.00059
    85      12.1559    0.00000
    86      12.1620    0.00000
    87      12.2369    0.08718
    88      12.2570    0.07908
    89      12.2687    0.00000
    90      12.3637    0.00477
    91      12.3794    0.00000
    92      12.4665    0.00802
    93      12.4699    0.00000
    94      12.5064    0.00000
    95      12.5583    0.00000
    96      12.5705    0.00000
    97      12.6355    0.00000
    98      12.6364    0.00000
    99      12.6473    0.00000
   100      12.7089    0.00000
   101      12.7283    0.10298
   102      12.7697    0.00048
   103      12.7949    0.00000
   104      12.8149    0.00000
   105      12.8214    0.00000
   106      12.8455    0.00000
   107      12.9007    0.00000
   108      12.9555    0.04665
   109      12.9748    0.00000
   110      13.0448    0.00000
   111      13.0873    0.00000
   112      13.1268    0.00000
   113      13.1873    0.16845
   114      13.2081    0.00000
   115      13.2235    0.01829
   116      13.2302    0.00000
   117      13.2754    0.00000
   118      13.2824    0.00000
   119      13.3395    0.00597
   120      13.3722    0.08383
   121      13.4297    0.00000
   122      13.4459    0.00000
   123      13.4613    0.00000
   124      13.4990    0.00000
   125      13.5066    0.09572
   126      13.5584    0.03952
   127      13.6137    0.00000
   128      13.6197    0.00289
   129      13.6285    0.00002
   130      13.6619    0.00863
   131      13.7154    0.00000
   132      13.7181    0.00000
   133      13.7544    0.00000
   134      13.7888    0.00000
   135      13.8081    0.03268
   136      13.8447    0.22324
   137      13.8879    0.00000
   138      13.8897    0.00000
   139      13.9131    0.01326
   140      13.9511    0.15845
   141      13.9792    0.00000
   142      13.9956    0.00000
   143      14.0021    0.01279
   144      14.0121    0.01627
   145      14.0510    0.00894
   146      14.1169    0.00000
   147      14.2099    0.00114
   148      14.2423    0.07363
   149      14.2894    0.00000
   150      14.3025    0.00531
   151      14.3731    0.00000
   152      14.3961    0.00000
   153      14.4969    0.04148
   154      14.5388    0.00000
   155      14.5513    0.04379
   156      14.5579    0.69044
   157      14.5847    0.00000
   158      14.6001    0.00000
   159      14.6201    0.00001
   160      14.6854    0.00000
   161      14.7006    0.00000
   162      14.7855    0.06285
   163      14.7868    0.00032
   164      14.8305    0.06669
   165      14.8483    0.00300
   166      14.8597    0.00000
   167      14.8794    0.07453
   168      14.9035    0.03403
   169      14.9309    0.00000
   170      14.9677    0.00000
   171      14.9876    0.07758
   172      15.0122    0.00000
   173      15.0595    0.01770
   174      15.0833    0.00000
   175      15.0974    0.00092
   176      15.1292    0.00000
   177      15.1660    0.09765
   178      15.1779    0.00000
   179      15.1848    0.00000
   180      15.2081    0.00000
   181      15.2660    0.00000
   182      15.3252    0.00000
   183      15.3735    0.00000
   184      15.3933    0.00000
   185      15.4068    0.00000
   186      15.4127    0.01308
   187      15.4320    0.00000
   188      15.4631    0.00000
   189      15.5119    0.02524
   190      15.5180    0.01627
   191      15.5205    0.00000
   192      15.5301    0.00000
   193      15.5397    0.00000
   194      15.5570    0.00000
   195      15.5658    0.00000
   196      15.6200    0.00000
   197      15.6544    0.00000
   198      15.7451    0.00000
   199      15.7603    0.05760
   200      15.7786    0.00000
   201      15.7975    0.00000
   202      15.8026    0.00000
   203      15.8080    0.00000
   204      15.8305    0.00000
   205      15.8710    0.07936
   206      15.9406    0.01021
   207      16.0306    0.04342
   208      16.0550    0.00000
   209      16.0746    0.05647
   210      16.0925    0.00000
   211      16.0985    0.00000
   212      16.1198    0.02159
   213      16.1271    0.00000
   214      16.1352    0.05273
   215      16.1425    0.00000
   216      16.1516    0.00000
   217      16.1634    0.00000
   218      16.1946    0.00046
   219      16.2041    0.08857
   220      16.2685    0.15608
   221      16.3066    0.00000
   222      16.3182    0.00000
   223      16.3195    0.00000
   224      16.3218    0.00000
   225      16.3532    0.00000
   226      16.3759    0.00869
   227      16.4241    0.15237
   228      16.4443    0.00133
   229      16.4451    0.00000
   230      16.4745    0.10480
   231      16.5318    0.00000
   232      16.5441    0.00000
   233      16.5490    0.00812
   234      16.5559    0.00000
   235      16.6271    0.00000
   236      16.7347    0.04060
   237      16.7500    0.04351
   238      16.7537    0.00000
   239      16.7711    0.03475
   240      16.7779    0.00000
   241      16.7970    0.03350
   242      16.8207    0.00165
   243      16.8557    0.00000
   244      16.8774    0.00000
   245      16.9182    0.00000
   246      16.9226    0.00112
   247      16.9415    0.01862
   248      16.9669    0.00000
   249      16.9936    0.00000
   250      17.0454    0.00000
   251      17.0596    0.10081
   252      17.1199    0.00062
   253      17.1482    0.00000
   254      17.2420    0.00000
   255      17.2946    0.00000
   256      17.3129    0.00000
   257      17.3452    0.00000
   258      17.3455    0.00000
   259      17.4659    0.00000
   260      17.4781    0.03464
   261      17.4800    0.00000
   262      17.4902    0.00000
   263      17.4917    0.00077
   264      17.5143    0.00455
   265      17.5361    0.00000
   266      17.5396    0.00000
   267      17.5428    0.00138
   268      17.5541    0.00488
   269      17.5926    0.00000
   270      17.6421    0.00000
   271      17.6556    0.04600
   272      17.6563    0.17622
   273      17.6875    0.00000
   274      17.7444    0.00000
   275      17.8049    0.00229
   276      17.8388    0.00000
   277      17.8452    0.12275
   278      17.8534    0.11549
   279      17.8719    0.00000
   280      17.8948    0.00000
   281      17.9111    0.00000
   282      17.9169    0.00000
   283      17.9367    0.00318
   284      17.9556    0.01627
   285      17.9582    0.00000
   286      17.9690    0.00000
   287      17.9860    0.00000
   288      18.0408    0.00000
   289      18.0548    0.00000
   290      18.0564    0.00000
   291      18.0963    0.00511
   292      18.1130    0.00000
   293      18.1197    0.00000
   294      18.1882    0.00033
   295      18.1884    0.00000
   296      18.1941    0.00037
   297      18.2335    0.00000
   298      18.2374    0.01046
   299      18.2595    0.13550
   300      18.2910    0.00000
   301      18.3156    0.00000
   302      18.3374    0.00000
   303      18.3735    0.00000
   304      18.4464    0.12521
   305      18.4559    0.00000
   306      18.4626    0.00000
   307      18.4635    0.00000
   308      18.4806    0.00000
   309      18.5382    0.11175
   310      18.5441    0.34282
   311      18.5512    0.00000
   312      18.5685    0.00000
   313      18.5759    0.00000
   314      18.6310    0.00000
   315      18.6393    0.00000
   316      18.6469    0.00129
   317      18.6908    0.08702
   318      18.6926    0.45493
   319      18.7500    0.00000
   320      18.7504    0.00000
   321      18.7736    0.00025
   322      18.7868    0.00000
   323      18.8431    0.00000
   324      18.8472    0.00000
   325      18.8671    0.14513
   326      18.8738    0.00928
   327      18.9210    0.00000
   328      18.9527    0.01919
   329      18.9617    0.00742
   330      18.9922    0.00000
   331      19.0227    0.04428
   332      19.0611    0.00966
   333      19.0864    0.00000
   334      19.0984    0.00000
   335      19.0989    0.00000
   336      19.1041    0.00000
   337      19.1175    0.00000
   338      19.1212    0.00000
   339      19.1720    0.02490
   340      19.1795    0.05528
   341      19.1848    0.00000
   342      19.1853    0.00000
   343      19.3237    0.00000
   344      19.3438    0.00000
   345      19.3923    0.00000
   346      19.4128    0.11255
   347      19.4378    0.00000
   348      19.4384    0.04304
   349      19.4472    0.00000
   350      19.4509    0.00000
   351      19.4920    0.04569
   352      19.4981    0.00000
   353      19.5052    0.00217
   354      19.5542    0.00000
   355      19.5556    0.06005
   356      19.5744    0.00000
   357      19.6111    0.00000
   358      19.6255    0.00000
   359      19.7304    0.72831
   360      19.7527    0.23902
   361      19.8090    0.00000
   362      19.8334    0.01267
   363      19.8335    0.00595
   364      19.8593    0.01986
   365      19.8915    0.00418
   366      19.9141    0.05935
   367      20.0150    0.01285
   368      20.0338    0.00000
   369      20.0372    0.00000
   370      20.0886    0.00000
   371      20.0980    0.00000
   372      20.1093    0.15072
   373      20.1618    0.01754
   374      20.1619    0.00000
   375      20.1634    0.00000
   376      20.1705    0.00000
   377      20.1818    0.00000
   378      20.1838    0.04829
   379      20.1922    0.00000
   380      20.2013    0.01041
   381      20.2108    0.02646
   382      20.2353    0.00000
   383      20.2374    0.00000
   384      20.3086    0.00018
   385      20.3753    0.00006
   386      20.3886    0.00006
   387      20.3920    0.00000
   388      20.4175    0.00000
   389      20.4434    0.00527
   390      20.4524    0.00000
   391      20.4940    0.00000
   392      20.5003    0.01126
   393      20.5793    0.00000
   394      20.5836    0.00000
   395      20.6186    0.03251
   396      20.6261    0.00000
   397      20.6497    0.00000
   398      20.6763    0.00000
   399      20.6891    0.00297
   400      20.7370    0.85676
   401      20.7394    0.00000
   402      20.7990    0.03528
   403      20.8487    0.00000
   404      20.8661    0.00000
   405      20.9214    0.00000
   406      20.9357    0.01880
   407      20.9368    0.11811
   408      20.9399    0.00000
   409      20.9995    0.00000
   410      21.0104    0.14843
   411      21.0268    0.00000
   412      21.0395    0.24930
   413      21.0591    0.00000
   414      21.0936    0.00023
   415      21.0939    0.57321
   416      21.1052    0.00000
   417      21.1741    0.00000
   418      21.2058    0.00000
   419      21.2238    0.00000
   420      21.2555    0.00000
   421      21.2564    0.11053
   422      21.2846    0.00000
   423      21.3287    0.06217
   424      21.3564    0.00000
   425      21.3785    0.00000
   426      21.3892    0.00000
   427      21.4276    0.00000
   428      21.4315    0.00115
   429      21.4419    0.00000
   430      21.4445    0.00000
   431      21.4744    0.00000
   432      21.4888    0.00000
   433      21.5094    0.00000
   434      21.5277    0.18064
   435      21.6054    0.00000
   436      21.6126    0.00000
   437      21.6523    0.00000
   438      21.6567    0.01628
   439      21.6907    0.00000
   440      21.7135    0.01106
   441      21.7313    0.12384
   442      21.7314    0.00000
   443      21.7842    0.02979
   444      21.8387    0.00000
   445      21.8528    0.28943
   446      21.8768    0.00000
   447      21.8939    0.25260
   448      21.8987    0.00000
   449      21.9123    0.00000
   450      21.9353    0.03448
   451      21.9522    0.04535
   452      21.9560    0.00000
   453      21.9791    0.00000
   454      21.9981    0.02676
   455      22.0092    0.00685
   456      22.0099    0.00000
   457      22.0407    0.02215
   458      22.0437    0.00000
   459      22.0847    0.00000
   460      22.1268    0.00000
   461      22.1308    0.14196
   462      22.1322    0.15208
   463      22.1747    0.00000
   464      22.1766    0.00000
   465      22.1861    0.00223
   466      22.1895    0.15192
   467      22.2431    0.00004
   468      22.3114    0.00000
   469      22.3197    0.00000
   470      22.3423    0.00000
   471      22.3539    0.00000
   472      22.4041    0.00383
   473      22.4108    0.00000
   474      22.4362    0.00000
   475      22.4390    0.08885
   476      22.4445    0.00000
   477      22.4627    0.06666
   478      22.5045    0.00053
   479      22.5289    0.08478
   480      22.5706    0.00000
   481      22.6122    0.27256
   482      22.6371    0.00000
   483      22.6483    0.00017
   484      22.6918    0.00000
   485      22.7085    0.15841
   486      22.7330    0.00000
   487      22.7800    0.00013
   488      22.7877    0.02077
   489      22.7933    0.00000
   490      22.8370    0.02976
   491      22.8484    0.00000
   492      22.8767    0.01847
   493      22.8852    0.00000
   494      22.8960    0.00317
   495      22.9061    0.00092
   496      22.9229    0.00000
   497      22.9412    0.00000
   498      22.9643    0.13402
   499      22.9764    0.03419
   500      22.9781    0.00000
   501      23.0138    0.00000
   502      23.0325    0.00730
   503      23.0599    0.00000
   504      23.0604    0.00000
   505      23.0913    0.02518
   506      23.0968    0.00000
   507      23.1241    0.00000
   508      23.1871    0.09007
   509      23.2252    0.00000
   510      23.2287    0.00000
   511      23.2356    0.03545
   512      23.2544    0.00000
   513      23.2807    0.06370
   514      23.3057    0.00000
   515      23.3508    0.15115
   516      23.3729    0.00000
   517      23.3969    0.00000
   518      23.3983    0.00105
   519      23.3995    0.00000
   520      23.4411    0.00000
   521      23.4658    0.00000
   522      23.4791    0.00000
   523      23.5394    0.07954
   524      23.5841    0.03425
   525      23.6229    0.18709
   526      23.6390    0.00000
   527      23.6669    0.00078
   528      23.6730    0.00000
   529      23.6733    0.00084
   530      23.6793    0.00000
   531      23.7350    0.00718
   532      23.7413    0.00000
   533      23.7651    0.00000
   534      23.7887    0.03861
   535      23.7914    0.04681
   536      23.8487    0.00000
   537      23.8646    0.00000
   538      23.8730    0.00461
   539      23.9262    0.00092
   540      23.9356    0.00000
   541      23.9921    0.00000
   542      24.0144    0.03496
   543      24.0359    0.00000
   544      24.0422    0.00000
   545      24.0622    0.00000
   546      24.0682    0.00000
   547      24.1464    0.00000
   548      24.1687    0.00286
   549      24.1901    0.00213
   550      24.1949    0.00000
   551      24.2474    0.00635
   552      24.2540    0.41979
   553      24.2596    0.00000
   554      24.2886    0.00033
   555      24.2954    0.00000
   556      24.3214    0.22549
   557      24.3851    0.00000
   558      24.4172    0.00000
   559      24.5009    0.19479
   560      24.5073    0.04120
   561      24.5274    0.00000
   562      24.5356    0.00000
   563      24.5356    0.16219
   564      24.5787    0.00000
   565      24.5958    0.00000
   566      24.5996    0.00000
   567      24.6000    0.03538
   568      24.7074    0.00000
   569      24.7229    0.00000
   570      24.7343    0.00000
   571      24.7434    0.00000
   572      24.7837    0.00000
   573      24.8051    0.09471
   574      24.8060    0.00000
   575      24.8159    0.00000
   576      24.8216    0.06259
   577      24.8298    0.00000
   578      24.8503    0.00000
   579      24.8649    0.21296
   580      24.8790    0.00000
   581      24.8923    0.00000
   582      24.9043    0.02523
   583      24.9057    0.00000
   584      24.9186    0.00000
   585      24.9551    0.00000
   586      24.9614    0.00000
   587      24.9676    0.00720
   588      24.9922    0.01246
   589      24.9929    0.00000
   590      25.0260    0.00000
   591      25.0454    0.00000
   592      25.0673    0.00000
   593      25.0955    0.00000
   594      25.1122    0.00000
   595      25.1598    0.00000
   596      25.1674    0.00000
   597      25.1812    0.00000
   598      25.1850    0.00000
   599      25.2094    0.08263
   600      25.2508    0.00415
   601      25.3022    0.00000
   602      25.3083    0.00000
   603      25.3934    0.00000
   604      25.4231    0.00000
   605      25.4618    0.00000
   606      25.4829    0.25044
   607      25.4922    0.00042
   608      25.4949    0.00000
   609      25.4973    0.00000
   610      25.5141    0.00000
   611      25.5701    0.00000
   612      25.5836    0.00000
   613      25.5917    0.00000
   614      25.5949    0.00064
   615      25.6303    0.00000
   616      25.6330    0.40835
   617      25.6342    0.00000
   618      25.6641    0.08435
   619      25.7091    0.00000
   620      25.7138    0.00000
   621      25.7369    0.02889
   622      25.7528    0.00004
   623      25.7596    0.00000
   624      25.7845    0.05730
   625      25.8024    0.00178
   626      25.8588    0.00000
   627      25.8697    0.03421
   628      25.8771    0.20713
   629      25.9375    0.00724
   630      25.9573    0.00000
   631      26.0143    0.00000
   632      26.0191    0.05816
   633      26.0285    0.04346
   634      26.0447    0.00000
   635      26.0608    0.00000
   636      26.0728    0.00000
   637      26.1243    0.00000
   638      26.1404    0.00271
   639      26.1864    0.00000
   640      26.1980    0.00000
   641      26.2096    0.00666
   642      26.2205    0.01765
   643      26.2275    0.00000
   644      26.3126    0.00000
   645      26.3142    0.00000
   646      26.3296    0.14089
   647      26.3353    0.00000
   648      26.3584    0.00000
   649      26.3619    0.03571
   650      26.3846    0.00000
   651      26.3855    0.02169
   652      26.3974    0.00000
   653      26.3987    0.03708
   654      26.4474    0.00026
   655      26.4553    0.00000
   656      26.4794    0.00000
   657      26.5222    0.00387
   658      26.5345    0.00440
   659      26.5398    0.00000
   660      26.5553    0.00000
   661      26.5591    0.01213
   662      26.5789    0.00000
   663      26.6006    0.12580
   664      26.6065    0.37022
   665      26.6390    0.00000
   666      26.6417    0.00000
   667      26.6514    0.00000
   668      26.6892    0.00000
   669      26.7437    0.13874
   670      26.7595    0.05111
   671      26.7610    0.00000
   672      26.7991    0.00000
   673      26.8456    0.00000
   674      26.8813    0.24628
   675      26.8975    0.37553
   676      26.9030    0.12221
   677      26.9143    0.00000
   678      26.9398    0.00000
   679      26.9693    0.03166
   680      26.9715    0.00000
   681      26.9893    0.04382
   682      26.9922    0.00000
   683      27.0124    0.00000
   684      27.0319    0.00000
   685      27.0550    0.04114
   686      27.0632    0.00000
   687      27.1041    0.00000
   688      27.1139    0.00000
   689      27.1596    0.00000
   690      27.1830    0.00000
   691      27.1877    0.24075
   692      27.2181    0.00000
   693      27.2225    0.00000
   694      27.2359    0.00000
   695      27.2651    0.00000
   696      27.2724    0.17259
   697      27.3599    0.00000
   698      27.3704    0.27717
   699      27.4094    0.00000
   700      27.4538    0.00067
   701      27.4667    0.32711
   702      27.4903    0.00000
   703      27.5095    0.00000
   704      27.5784    0.14716
   705      27.5983    0.00000
   706      27.6570    0.05302
   707      27.6902    0.10436
   708      27.6903    0.00018
   709      27.7067    0.00000
   710      27.7168    0.00000
   711      27.7454    0.00000
   712      27.7517    0.01994
   713      27.7638    0.00000
   714      27.7657    0.00000
   715      27.7733    0.00000
   716      27.7926    0.00000
   717      27.8124    0.00016
   718      27.8391    0.01087
   719      27.8728    0.11786
   720      27.9068    0.00000
   721      27.9463    0.00000
   722      28.0437    0.00113
   723      28.0469    0.01662
   724      28.0561    0.00000
   725      28.0602    0.00000
   726      28.0651    0.00000
   727      28.1487    0.08652
   728      28.1709    0.00000
   729      28.2262    0.00041
   730      28.2337    0.00000
   731      28.2665    0.00000
   732      28.2804    0.00024
   733      28.3801    0.00000
   734      28.3993    0.00000
   735      28.4200    0.40293
   736      28.4230    0.00000
   737      28.4278    0.01564
   738      28.4342    0.00962
   739      28.4514    0.00968
   740      28.4813    0.00000
   741      28.5239    0.00000
   742      28.5264    0.24344
   743      28.5369    0.00000
   744      28.5592    0.02035
   745      28.5601    0.00000
   746      28.5821    0.01473
   747      28.5998    0.05463
   748      28.6279    0.00000
   749      28.6718    0.00000
   750      28.6785    0.00000
   751      28.6910    0.00491
   752      28.7386    0.00000
   753      28.7860    0.12190
   754      28.8092    0.00000
   755      28.8322    0.22197
   756      28.8914    0.00000
   757      28.9256    0.00166
   758      28.9460    0.00000
   759      29.0092    0.00000
   760      29.0147    0.00000
   761      29.0457    0.00000
   762      29.0675    0.00060
   763      29.0845    0.00000
   764      29.0953    0.00699
   765      29.1004    0.00158
   766      29.1316    0.00000
   767      29.1510    0.00078
   768      29.1539    0.00000
   769      29.1762    0.00000
   770      29.1971    0.00000
   771      29.2014    0.01701
   772      29.2264    0.00000
   773      29.2396    0.00000
   774      29.2598    0.00000
   775      29.2727    0.07168
   776      29.3150    0.00004
   777      29.3529    0.00000
   778      29.4017    0.04015
   779      29.4207    0.00000
   780      29.4226    0.02230
   781      29.4400    0.00000
   782      29.4430    0.02610
   783      29.4661    0.01156
   784      29.4947    0.00000
   785      29.5060    0.10742
   786      29.5249    0.00000
   787      29.5348    0.00874
   788      29.5473    0.00000
   789      29.5479    0.01790
   790      29.6024    0.00000
   791      29.6411    0.00000
   792      29.6499    0.22158
   793      29.6542    0.00000
   794      29.6543    0.00000
   795      29.6650    0.00000
   796      29.6828    0.03999
   797      29.7384    0.00000
   798      29.7611    0.00000
   799      29.7626    0.00000
   800      29.7666    0.00000
   801      29.7818    0.00000
   802      29.8179    0.00000
   803      29.8545    0.08091
   804      29.8952    0.30165
   805      29.8988    0.00000
   806      29.9027    0.00000
   807      29.9185    0.00000
   808      29.9510    0.00154
   809      29.9638    0.00000
   810      29.9656    0.00000
   811      29.9699    0.00000
   812      29.9706    0.00000
   813      29.9750    0.00000
   814      29.9899    0.00000
   815      29.9991    0.00251
   816      30.0593    0.00000
   817      30.0713    0.05419
   818      30.1094    0.00000
   819      30.1734    0.00000
   820      30.1817    0.03657
   821      30.1866    0.00000
   822      30.1883    0.01031
   823      30.2175    0.00000
   824      30.2266    0.00000
   825      30.2304    0.01174
   826      30.2724    0.19380
   827      30.2879    0.00000
   828      30.3220    0.00000
   829      30.3494    0.01613
   830      30.3618    0.00000
   831      30.3882    0.00000
   832      30.4054    0.14234
   833      30.4087    0.00000
   834      30.4219    0.00000
   835      30.4499    0.00000
   836      30.4831    0.00000
   837      30.4954    0.24149
   838      30.4967    0.00000
   839      30.5353    0.02386
   840      30.5625    0.00000
   841      30.5917    0.00000
   842      30.6127    0.00316
   843      30.6521    0.00000
   844      30.6532    0.00000
   845      30.6944    0.00000
   846      30.7394    0.00000
   847      30.7544    0.01638
   848      30.7717    0.04525
   849      30.8167    0.00000
   850      30.8328    0.00000
   851      30.8505    0.00000
   852      30.8818    0.49010
   853      30.9247    0.01167
   854      30.9413    0.00324
   855      30.9529    0.00000
   856      31.0649    0.00000
   857      31.0817    0.00000
   858      31.1076    0.27982
   859      31.1096    0.00000
   860      31.1098    0.00072
   861      31.1323    0.00018
   862      31.1588    0.00920
   863      31.1607    0.00000
   864      31.1813    0.00000
   865      31.1816    0.00000
   866      31.1906    0.02545
   867      31.2588    0.01289
   868      31.2790    0.00198
   869      31.2900    0.00000
   870      31.3046    0.04373
   871      31.3125    0.00000
   872      31.3574    0.06150
   873      31.3841    0.00000
   874      31.4097    0.00000
   875      31.4215    0.01761
   876      31.4798    0.05803
   877      31.4934    0.00000
   878      31.5049    0.00000
   879      31.5481    0.00655
   880      31.5594    0.00000
   881      31.5645    0.00000
   882      31.6188    0.28106
   883      31.6659    0.00000
   884      31.6704    0.02455
   885      31.7338    0.00000
   886      31.7483    0.00005
   887      31.7605    0.00000
   888      31.7609    0.00000
   889      31.7832    0.00000
   890      31.7885    0.00156
   891      31.8111    0.00000
   892      31.8252    0.00619
   893      31.8301    0.02866
   894      31.8951    0.00961
   895      31.9332    0.00000
   896      31.9362    0.00000
   897      31.9851    0.07819
   898      32.0194    0.02768
   899      32.0200    0.00000
   900      32.0435    0.00093
   901      32.0445    0.00011
   902      32.0983    0.00000
   903      32.1039    0.01463
   904      32.1299    0.00000
   905      32.1686    0.05106
   906      32.1836    0.00620
   907      32.1868    0.01647
   908      32.1875    0.00000
   909      32.2102    0.00000
   910      32.2155    0.00000
   911      32.2306    0.00688
   912      32.2384    0.07972
   913      32.2489    0.00416
   914      32.2584    0.00000
   915      32.3973    0.00000
   916      32.4267    0.00111
   917      32.4506    0.00000
   918      32.4747    0.00000
   919      32.4834    0.26742
   920      32.5204    0.05601
   921      32.5383    0.00000
   922      32.5866    0.00000
   923      32.6074    0.00965
   924      32.6584    0.00868
   925      32.6604    0.31142
   926      32.6679    0.00000
   927      32.7092    0.00000
   928      32.7411    0.00694
   929      32.7644    0.00000
   930      32.7845    0.00389
   931      32.7878    0.00109
   932      32.8012    0.00000
   933      32.8144    0.00156
   934      32.8313    0.00479
   935      32.8768    0.00000
   936      32.8849    0.00000
   937      32.9118    0.00000
   938      32.9175    0.00000
   939      32.9576    0.00000
   940      33.0039    0.28442
   941      33.0954    0.00056
   942      33.1100    0.19931
   943      33.1165    0.00000
   944      33.1461    0.00175
   945      33.1708    0.00000
   946      33.2309    0.00000
   947      33.2330    0.00000
   948      33.2656    0.00050
   949      33.2942    0.00000
   950      33.3009    0.02292
   951      33.3115    0.00000
   952      33.3117    0.00000
   953      33.3396    0.00000
   954      33.3697    0.00727
   955      33.4126    0.00299
   956      33.4131    0.00001
   957      33.4459    0.00000
   958      33.4498    0.00475
   959      33.4744    0.00000
   960      33.4788    0.00000
   961      33.5183    0.01033
   962      33.5508    0.00000
   963      33.5569    0.00000
   964      33.5768    0.00575
   965      33.5888    0.00000
   966      33.5918    0.00748
   967      33.6235    0.00000
   968      33.6445    0.00000
   969      33.6519    0.06252
   970      33.6911    0.00633
   971      33.6991    0.00000
   972      33.7161    0.00000
   973      33.7162    0.00000
   974      33.7454    0.02553
   975      33.7937    0.00000
   976      33.7955    0.00000
   977      33.8288    0.00000
   978      33.8658    0.00071
   979      33.8980    0.02177
   980      33.9183    0.00000
   981      33.9225    0.00027
   982      33.9687    0.00000
   983      34.0323    0.00000
   984      34.0338    0.01521
   985      34.0651    0.00000
   986      34.1312    0.06569
   987      34.1585    0.00000
   988      34.1990    0.00000
   989      34.2129    0.00000
   990      34.2620    0.04239
   991      34.2727    0.00000
   992      34.3584    0.00000
   993      34.3662    0.27517
   994      34.4341    0.00000
   995      34.4618    0.00018
   996      34.4656    0.00000
   997      34.4880    0.00000
   998      34.5108    0.00042
   999      34.5961    0.00000
  1000      34.6055    0.02450
  1001      34.6070    0.05246
  1002      34.6261    0.00000
  1003      34.6316    0.05371
  1004      34.7122    0.00000
  1005      34.7343    0.00000
  1006      34.7461    0.14693
  1007      34.7493    0.03817
  1008      34.7505    0.00000
  1009      34.7662    0.01062
  1010      34.7888    0.00000
  1011      34.8208    0.00000
  1012      34.8626    0.00000
  1013      34.8924    0.04524
  1014      34.9707    0.00000
  1015      34.9772    0.02409
  1016      34.9812    0.00000
  1017      34.9879    0.02985
  1018      35.0153    0.00000
  1019      35.0306    0.00034
  1020      35.1000    0.00000
  1021      35.1000    0.00000
  1022      35.1273    0.00000
  1023      35.1314    0.01313
  1024      35.1414    0.01900
  1025      35.1501    0.00000
  1026      35.1778    0.00048
  1027      35.1949    0.00000
  1028      35.2014    0.00215
  1029      35.2133    0.00000
  1030      35.2564    0.00000
  1031      35.2598    0.02646
  1032      35.2883    0.00000
  1033      35.4149    0.00000
  1034      35.4364    0.00000
  1035      35.4544    0.00296
  1036      35.4637    0.00165
  1037      35.4743    0.00000
  1038      35.5147    0.05601
  1039      35.5284    0.00000
  1040      35.5333    0.00000
  1041      35.5336    0.00697
  1042      35.5460    0.00000
  1043      35.5543    0.00000
  1044      35.6409    0.10875
  1045      35.6445    0.00000
  1046      35.6797    0.00000
  1047      35.7126    0.00000
  1048      35.7240    0.06226
  1049      35.7706    0.00024
  1050      35.8253    0.00000
  1051      35.8792    0.00004
  1052      35.8794    0.00057
  1053      35.9524    0.00000
  1054      35.9574    0.00000
  1055      36.1048    0.04915
  1056      36.1576    0.04156
  1057      36.1779    0.00000
  1058      36.1902    0.00000
  1059      36.2156    0.00288
  1060      36.3345    0.00000
  1061      36.3821    0.00148
  1062      36.4122    0.00000
  1063      36.4923    0.00019
  1064      36.5145    0.00000
  1065      36.5411    0.00000
  1066      36.5446    0.00000
  1067      36.5541    0.00000
  1068      36.6988    0.00000
  1069      36.6995    0.11585
  1070      36.7970    0.00000
  1071      36.8187    0.00000
  1072      36.8393    0.07277
  1073      36.8404    0.00000
  1074      36.8704    0.00000
  1075      36.8791    0.08050
  1076      36.9285    0.00000
  1077      36.9431    0.00000
  1078      36.9495    0.00000
  1079      36.9918    0.00000
  1080      37.0199    0.00000
  1081      37.0379    0.00000
  1082      37.0396    0.00974
  1083      37.1001    0.00558
  1084      37.1237    0.00000
  1085      37.1300    0.00000
  1086      37.1426    0.00890
  1087      37.1837    0.00000
  1088      37.2441    0.00038
  1089      37.2525    0.00000
  1090      37.2846    0.00000
  1091      37.3454    0.00000
  1092      37.3765    0.00000
  1093      37.3895    0.01509
  1094      37.4006    0.00001
  1095      37.4328    0.00000
  1096      37.4441    0.00000
  1097      37.4491    0.00000
  1098      37.4519    0.03718
  1099      37.4521    0.01020
  1100      37.4768    0.00275
  1101      37.5049    0.00000
  1102      37.5272    0.00000
  1103      37.5445    0.00000
  1104      37.5561    0.00000
  1105      37.6095    0.02006
  1106      37.6626    0.00755
  1107      37.6913    0.00000
  1108      37.7256    0.01416
  1109      37.7281    0.00000
  1110      37.7434    0.00000
  1111      37.7482    0.00625
  1112      37.8121    0.00000
  1113      37.8291    0.01229
  1114      37.8314    0.04233
  1115      37.8337    0.00000
  1116      37.8432    0.00000
  1117      37.8779    0.00000
  1118      37.9771    0.00000
  1119      37.9840    0.02598
  1120      38.0243    0.00000
  1121      38.0688    0.00065
  1122      38.0991    0.04168
  1123      38.0992    0.00000
  1124      38.1158    0.00000
  1125      38.1232    0.00000
  1126      38.1278    0.00076
  1127      38.2100    0.00000
  1128      38.2201    0.00000
  1129      38.2866    0.00175
  1130      38.3548    0.00000
  1131      38.4425    0.00000
  1132      38.4453    0.00000
  1133      38.5174    0.00002
  1134      38.5211    0.00000
  1135      38.6520    0.00554
  1136      38.6590    0.00890
  1137      38.6684    0.01877
  1138      38.7747    0.00000
  1139      38.8358    0.00000
  1140      38.8675    0.00000
  1141      38.9108    0.00011
  1142      38.9377    0.00000
  1143      38.9409    0.00000
  1144      38.9419    0.00000
  1145      38.9565    0.06218
  1146      38.9777    0.07024
  1147      38.9960    0.00000
  1148      39.0668    0.00000
  1149      39.1023    0.00157
  1150      39.1378    0.18738
  1151      39.1733    0.00000
  1152      39.1851    0.00104
  1153      39.2219    0.00306
  1154      39.2429    0.00000
  1155      39.2447    0.02116
  1156      39.2555    0.00000
  1157      39.3829    0.00000
  1158      39.4009    0.00000
  1159      39.4192    0.00000
  1160      39.5015    0.00000
  1161      39.5215    0.00000
  1162      39.5615    0.08060
  1163      39.5781    0.06993
  1164      39.6032    0.00000
  1165      39.7892    0.00000
  1166      39.8505    0.04507
  1167      39.8652    0.00000
  1168      39.8992    0.00800
  1169      39.9095    0.00000
  1170      39.9355    0.00000
  1171      39.9386    0.00739
  1172      39.9765    0.00000
  1173      39.9853    0.00000
  1174      40.0078    0.00827
  1175      40.0207    0.00000
  1176      40.0495    0.00324
  1177      40.1281    0.00000
  1178      40.1940    0.00000
  1179      40.2299    0.00000
  1180      40.2407    0.04678
  1181      40.2630    0.00430
  1182      40.3537    0.00014
  1183      40.4418    0.00000
  1184      40.5047    0.00019
  1185      40.5574    0.00071
  1186      40.5638    0.00000
  1187      40.5865    0.04096
  1188      40.5888    0.00000
  1189      40.6143    0.00025
  1190      40.6352    0.00000
  1191      40.6785    0.01146
  1192      40.7520    0.00000
  1193      40.8144    0.00000
  1194      40.8153    0.05068
  1195      40.8609    0.00000
  1196      40.8674    0.07639
  1197      40.8695    0.00000
  1198      40.9264    0.52705
  1199      40.9885    0.00200
  1200      41.0497    0.00000
  1201      41.0840    0.00000
  1202      41.0910    0.00000
  1203      41.1169    0.00000
  1204      41.1735    0.00000
  1205      41.2413    0.00000
  1206      41.2970    0.00005
  1207      41.3897    0.00000
  1208      41.4316    0.00376
  1209      41.4642    0.01375
  1210      41.5089    0.07778
  1211      41.5325    0.00335
  1212      41.5340    0.00000
  1213      41.5824    0.00000
  1214      41.6342    0.00281
  1215      41.6698    0.00000
  1216      41.6795    0.00881
  1217      41.6899    0.00001
  1218      41.6956    0.00000
  1219      41.7054    0.00000
  1220      41.7759    0.00000
  1221      41.7991    0.00000
  1222      41.9038    0.00000
  1223      41.9255    0.00000
  1224      41.9459    0.00000
  1225      41.9475    0.00000
  1226      41.9891    0.00023
  1227      41.9932    0.00215
  1228      41.9951    0.00000
  1229      41.9963    0.00784
  1230      42.0081    0.00000
  1231      42.0520    0.00000
  1232      42.0655    0.00061
  1233      42.0928    0.00000
  1234      42.2196    0.00000
  1235      42.2295    0.00000
  1236      42.2346    0.00098
  1237      42.2453    0.00000
  1238      42.2518    0.00000
  1239      42.3012    0.00000
  1240      42.3252    0.00892
  1241      42.3288    0.00000
  1242      42.4637    0.00000
  1243      42.6072    0.00000
  1244      42.6216    0.00000
  1245      42.6599    0.05358
  1246      42.6793    0.00000
  1247      42.7286    0.03228
  1248      42.7675    0.00000
  1249      42.8209    0.00851
  1250      42.8652    0.00000
  1251      42.8795    0.13201
  1252      42.8997    0.00000
  1253      42.9317    0.02219
  1254      42.9650    0.00000
  1255      43.0662    0.00656
  1256      43.1558    0.18772
  1257      43.2392    0.00000
  1258      43.2486    0.00000
  1259      43.2954    0.00000
  1260      43.3873    0.02226
  1261      43.4000    0.00000
  1262      43.4441    0.00000
  1263      43.4468    0.00000
  1264      43.4524    0.11096
  1265      43.5373    0.00000
  1266      43.6215    0.00000
  1267      43.6317    0.00792
  1268      43.6347    0.00000
  1269      43.6474    0.00001
  1270      43.6802    0.00000
  1271      43.7176    0.10495
  1272      43.8598    0.06878
  1273      43.8878    0.00637
  1274      43.9527    0.00000
  1275      43.9813    0.00096
  1276      43.9943    0.00000
  1277      44.0174    0.00000
  1278      44.0643    0.00000
  1279      44.1063    0.01054
  1280      44.1517    0.00000
  1281      44.1616    0.01884
  1282      44.2237    0.00674
  1283      44.2653    0.00000
  1284      44.2697    0.00000
  1285      44.3369    0.00000
  1286      44.4313    0.00000
  1287      44.4481    0.00185
  1288      44.4567    0.00012
  1289      44.4792    0.00663
  1290      44.4945    0.00018
  1291      44.5197    0.16312
  1292      44.5351    0.00000
  1293      44.5354    0.00000
  1294      44.5679    0.00000
  1295      44.6984    0.00000
  1296      44.7885    0.00000
  1297      44.8193    0.00032
  1298      44.8359    0.00000
  1299      44.8435    0.00000
  1300      44.8662    0.00000
  1301      44.9034    0.02433
  1302      44.9417    0.01564
  1303      45.0032    0.00000
  1304      45.0034    0.00000
  1305      45.0268    0.01279
  1306      45.1409    0.00000
  1307      45.1467    0.00000
  1308      45.1709    0.00000
  1309      45.2171    0.00010
  1310      45.2270    0.00000
  1311      45.2318    0.04278
  1312      45.2940    0.00000
  1313      45.3984    0.00000
  1314      45.4069    0.00000
  1315      45.4092    0.07312
  1316      45.4176    0.00666
  1317      45.4247    0.01417
  1318      45.4930    0.04344
  1319      45.4948    0.11734
  1320      45.5338    0.00000
  1321      45.5377    0.00000
  1322      45.5453    0.00000
  1323      45.5642    0.00000
  1324      45.5993    0.01002
  1325      45.6075    0.00000
  1326      45.6330    0.00000
  1327      45.6689    0.03291
  1328      45.7336    0.00107
  1329      45.7745    0.00000
  1330      45.8066    0.00232
  1331      45.8447    0.00000
  1332      45.9111    0.00000
  1333      45.9625    0.07655
  1334      45.9830    0.00000
  1335      46.0101    0.00000
  1336      46.0246    0.00000
  1337      46.0366    0.00000
  1338      46.0557    0.00000
  1339      46.0994    0.17107
  1340      46.1001    0.00000
  1341      46.1537    0.00000
  1342      46.2149    0.07890
  1343      46.3117    0.00000
  1344      46.4313    0.00000
  1345      46.4323    0.00000
  1346      46.5696    0.00000
  1347      46.6339    0.00006
  1348      46.6876    0.00000
  1349      46.7037    0.00000
  1350      46.8794    0.01135
  1351      46.9226    0.00000
  1352      46.9685    0.00000
  1353      46.9799    0.07473
  1354      46.9878    0.00000
  1355      47.0315    0.02333
  1356      47.1071    0.00000
  1357      47.1296    0.01764
  1358      47.1516    0.00000
  1359      47.1601    0.00000
  1360      47.1763    0.00000
  1361      47.2570    0.00000
  1362      47.2612    0.00130
  1363      47.2991    0.00000
  1364      47.3115    0.00000
  1365      47.3744    0.01624
  1366      47.3756    0.00000
  1367      47.4296    0.03351
  1368      47.5360    0.00000
  1369      47.5443    0.00000
  1370      47.6397    0.00000
  1371      47.6962    0.05803
  1372      47.7227    0.00000
  1373      47.7429    0.00000
  1374      47.7736    0.00000
  1375      47.8096    0.00000
  1376      47.8560    0.00476
  1377      47.8847    0.00067
  1378      47.9019    0.00000
  1379      47.9338    0.00000
  1380      47.9432    0.00000
  1381      47.9576    0.00000
  1382      47.9631    0.00000
  1383      48.0762    0.00000
  1384      48.0920    0.00000
  1385      48.1355    0.04294
  1386      48.2141    0.00000
  1387      48.2407    0.00000
  1388      48.2499    0.02628
  1389      48.2798    0.00336
  1390      48.3191    0.00000
  1391      48.3416    0.00699
  1392      48.4210    0.00675
  1393      48.4700    0.02741
  1394      48.4748    0.00000
  1395      48.5648    0.00000
  1396      48.5886    0.02915
  1397      48.5945    0.00000
  1398      48.6017    0.03587
  1399      48.6157    0.05107
  1400      48.6268    0.00000
  1401      48.6910    0.00000
  1402      48.7193    0.00000
  1403      48.7195    0.00000
  1404      48.7309    0.00857
  1405      48.7691    0.00000
  1406      48.7734    0.00655
  1407      48.9134    0.22522
  1408      48.9286    0.00000
  1409      48.9374    0.00000
  1410      49.0002    0.09006
  1411      49.0222    0.00713
  1412      49.0574    0.13620
  1413      49.0782    0.00000
  1414      49.0953    0.00000
  1415      49.1720    0.00000
  1416      49.1798    0.00000
  1417      49.1909    0.00018
  1418      49.2278    0.00000
  1419      49.3052    0.00040
  1420      49.3595    0.00000
  1421      49.5138    0.00000
  1422      49.5241    0.04072
  1423      49.5576    0.00409
  1424      49.5703    0.03860
  1425      49.5825    0.00000
  1426      49.6631    0.00000
  1427      49.7519    0.01386
  1428      49.7554    0.00000
  1429      49.8606    0.00000
  1430      49.8736    0.00000
  1431      50.0180    0.00240
  1432      50.0341    0.00000
  1433      50.1031    0.00000
  1434      50.1309    0.00030
  1435      50.1410    0.02594
  1436      50.1492    0.00000
  1437      50.1668    0.00732
  1438      50.2200    0.00000
  1439      50.2281    0.03153
  1440      50.3380    0.00000
  1441      50.3680    0.00000
  1442      50.3901    0.00430
  1443      50.4453    0.00343
  1444      50.4709    0.00000
  1445      50.5902    0.00662
  1446      50.6092    0.00000
  1447      50.6420    0.00000
  1448      50.6488    0.00000
  1449      50.6552    0.08359
  1450      50.7477    0.01838
  1451      50.7555    0.00000
  1452      50.7849    0.04919
  1453      50.8156    0.00000
  1454      50.8181    0.00004
  1455      50.8684    0.00714
  1456      51.0057    0.00000
  1457      51.0284    0.04126
  1458      51.0564    0.00000
  1459      51.0722    0.18385
  1460      51.2759    0.00000
  1461      51.2897    0.00000
  1462      51.2929    0.00000
  1463      51.3380    0.02734
  1464      51.3495    0.01157
  1465      51.3586    0.01530
  1466      51.4213    0.00000
  1467      51.4763    0.00000
  1468      51.4904    0.00000
  1469      51.5219    0.00299
  1470      51.6229    0.00000
  1471      51.6876    0.00000
  1472      51.7122    0.00114
  1473      51.7409    0.00000
  1474      51.7409    0.00000
  1475      51.7633    0.00189
  1476      51.9060    0.00000
  1477      51.9204    0.14401
  1478      51.9741    0.00294
  1479      52.0061    0.00000
  1480      52.0609    0.00000
  1481      52.0917    0.00123
  1482      52.1212    0.01662
  1483      52.1495    0.07561
  1484      52.1667    0.01614
  1485      52.3022    0.00000
  1486      52.3063    0.00000
  1487      52.3466    0.00651
  1488      52.3953    0.00000
  1489      52.4009    0.00000
  1490      52.4268    0.00000
  1491      52.5480    0.00000
  1492      52.6432    0.00000
  1493      52.6462    0.00163
  1494      52.7061    0.00000
  1495      52.7310    0.00000
  1496      52.7311    0.00000
  1497      52.7591    0.14845
  1498      52.8342    0.00000
  1499      52.8539    0.00000
  1500      52.8626    0.00000
  1501      52.9165    0.00000
  1502      52.9208    0.00000
  1503      53.0016    0.00084
  1504      53.0628    0.00000
  1505      53.1401    0.00000
  1506      53.2369    0.00322
  1507      53.2379    0.00000
  1508      53.3335    0.00000
  1509      53.3561    0.00000
  1510      53.3603    0.00000
  1511      53.3776    0.30045
  1512      53.4253    0.06516
  1513      53.4441    0.00000
  1514      53.4793    0.00000
  1515      53.5088    0.00000
  1516      53.5228    0.00277
  1517      53.5684    0.00949
  1518      53.6811    0.00000
  1519      53.7271    0.06168
  1520      53.8051    0.00113
  1521      53.8562    0.01340
  1522      53.8808    0.00000
  1523      53.9342    0.00009
  1524      54.0637    0.00364
  1525      54.0798    0.00000
  1526      54.0924    0.00000
  1527      54.1046    0.00000
  1528      54.1279    0.04493
  1529      54.1367    0.00000
  1530      54.1862    0.00181
  1531      54.2177    0.00000
  1532      54.3113    0.00000
  1533      54.4132    0.00000
  1534      54.4135    0.00349
  1535      54.4464    0.00000
  1536      54.4645    0.02645
  1537      54.4674    0.00000
  1538      54.5276    0.00671
  1539      54.6213    0.00000
  1540      54.6240    0.02434
  1541      54.6267    0.00000
  1542      54.6460    0.00000
  1543      54.6643    0.02624
  1544      54.7270    0.00000
  1545      54.7290    0.00588
  1546      54.7800    0.00000
  1547      54.8393    0.00000
  1548      54.8740    0.00000
  1549      54.8901    0.00109
  1550      55.0733    0.04375
  1551      55.1560    0.00385
  1552      55.1751    0.00000
  1553      55.2486    0.00000
  1554      55.2572    0.00000
  1555      55.3174    0.01602
  1556      55.3848    0.00000
  1557      55.4359    0.00000
  1558      55.4424    0.01972
  1559      55.4985    0.02307
  1560      55.5451    0.14848
  1561      55.6408    0.00205
  1562      55.6427    0.00000
  1563      55.6802    0.00000
  1564      55.7430    0.00282
  1565      55.7832    0.03289
  1566      55.8061    0.82158
  1567      55.8270    0.00222
  1568      55.9641    0.00000
  1569      56.0520    0.00000
  1570      56.0671    0.04589
  1571      56.1088    0.00000
  1572      56.1449    0.02174
  1573      56.2390    0.00000
  1574      56.2677    0.00577
  1575      56.2718    0.00000
  1576      56.3225    0.00000
  1577      56.3815    0.00000
  1578      56.4437    0.00000
  1579      56.4534    0.00000
  1580      56.4796    0.02075
  1581      56.5196    0.00000
  1582      56.5255    0.00000
  1583      56.5383    0.00001
  1584      56.6519    0.00000
  1585      56.6722    0.00000
  1586      56.6896    0.00000
  1587      56.7229    0.00000
  1588      56.7270    0.00000
  1589      56.8364    0.00000
  1590      56.9174    0.06131
  1591      56.9800    0.00000
  1592      57.0550    0.00000
  1593      57.0861    0.01941
  1594      57.2316    0.00000
  1595      57.4897    0.00000
  1596      57.5075    0.06833
  1597      57.5407    0.00000
  1598      57.5414    0.08435
  1599      57.5455    0.00000
  1600      57.5486    0.00000
  1601      57.5896    0.06594
  1602      57.6074    0.00082
  1603      57.6386    0.00200
  1604      57.7405    0.00000
  1605      57.7560    0.00000
  1606      57.7595    0.00000
  1607      57.7843    0.00000
  1608      57.8362    0.00000
  1609      57.8785    0.00000
  1610      57.9981    0.03718
  1611      58.0482    0.00000
  1612      58.0706    0.00000
  1613      58.0934    0.01449
  1614      58.1746    0.00000
  1615      58.1801    0.00000
  1616      58.1879    0.00889
  1617      58.2512    0.00000
  1618      58.3150    0.24299
  1619      58.3432    0.05270
  1620      58.4521    0.00351
  1621      58.4666    0.00001
  1622      58.4875    0.00000
  1623      58.6843    0.00000
  1624      58.7865    0.03047
  1625      58.8060    0.00000
  1626      58.8411    0.00071
  1627      58.8443    0.00000
  1628      58.8463    0.00000
  1629      58.8545    0.05297
  1630      58.8796    0.00000
  1631      58.9290    0.00000
  1632      58.9541    0.00583
  1633      58.9652    0.00000
  1634      58.9677    0.00000
  1635      59.0438    0.00000
  1636      59.0767    0.02770
  1637      59.1027    0.27378
  1638      59.1033    0.00000
  1639      59.1058    0.00000
  1640      59.1357    0.00638
  1641      59.1940    0.01722
  1642      59.2342    0.00351
  1643      59.2360    0.00000
  1644      59.3425    0.00000
  1645      59.3566    0.00000
  1646      59.3989    0.00419
  1647      59.4202    0.00000
  1648      59.4558    0.00000
  1649      59.5334    0.16462
  1650      59.5970    0.00000
  1651      59.7114    0.00000
  1652      59.7190    0.00000
  1653      59.7801    0.00101
  1654      59.8258    0.00000
  1655      59.9115    0.00000
  1656      59.9313    0.00000
  1657      59.9720    0.00000
  1658      59.9745    0.00198
  1659      60.0011    0.00000
  1660      60.0720    0.00000
  1661      60.1284    0.00000
  1662      60.1822    0.00369
  1663      60.3166    0.00000
  1664      60.3578    0.00000
  1665      60.4319    0.09070
  1666      60.4426    0.00736
  1667      60.4833    0.00000
  1668      60.4864    0.00694
  1669      60.5312    0.00000
  1670      60.5994    0.02895
  1671      60.6794    0.00000
  1672      60.7082    0.01987
  1673      60.7294    0.00169
  1674      60.7750    0.00000
  1675      60.8323    0.00000
  1676      60.8584    0.00000
  1677      60.8888    0.01008
  1678      60.9724    0.00000
  1679      60.9759    0.00065
  1680      60.9879    0.00000
  1681      61.0459    0.00000
  1682      61.0877    0.00000
  1683      61.1007    0.00000
  1684      61.1130    0.00000
  1685      61.1378    0.00118
  1686      61.2440    0.02882
  1687      61.2743    0.00000
  1688      61.3276    0.00000
  1689      61.3384    0.09175
  1690      61.3893    0.00000
  1691      61.4033    0.01569
  1692      61.4550    0.00000
  1693      61.4813    0.00000
  1694      61.5234    0.03793
  1695      61.5501    0.00000
  1696      61.5777    0.01515
  1697      61.6440    0.23921
  1698      61.6478    0.00000
  1699      61.7137    0.00819
  1700      61.7138    0.00040
  1701      61.9423    0.00000
  1702      62.0270    0.00000
  1703      62.0912    0.00000
  1704      62.1643    0.00000
  1705      62.2099    0.00293
  1706      62.2450    0.00000
  1707      62.2635    0.00000
  1708      62.2684    0.00000
  1709      62.3133    0.00000
  1710      62.3880    0.00000
  1711      62.4613    0.00000
  1712      62.4811    0.00004
  1713      62.5159    0.00000
  1714      62.6258    0.00000
  1715      62.6595    0.00000
  1716      62.6783    0.00000
  1717      62.7378    0.00000
  1718      62.8289    0.00000
  1719      62.8663    0.05988
  1720      62.9121    0.00000
  1721      62.9313    0.02219
  1722      62.9839    0.00771
  1723      63.0450    0.00000
  1724      63.0567    0.00000
  1725      63.1108    0.00000
  1726      63.1183    0.04338
  1727      63.2479    0.01710
  1728      63.3111    0.04190
  1729      63.4030    0.02051
  1730      63.4468    0.00000
  1731      63.4886    0.00000
  1732      63.5398    0.00426
  1733      63.6015    0.00481
  1734      63.6370    0.00000
  1735      63.6472    0.00000
  1736      63.6570    0.00000
  1737      63.8280    0.00000
  1738      63.8723    0.00001
  1739      63.9995    0.00000
  1740      64.0103    0.05638
  1741      64.0497    0.01654
  1742      64.0650    0.00000
  1743      64.0668    0.00000
  1744      64.0923    0.00000
  1745      64.1184    0.01350
  1746      64.1268    0.00139
  1747      64.2342    0.00000
  1748      64.2345    0.00000
  1749      64.2708    0.00000
  1750      64.2913    0.00000
  1751      64.3003    0.00454
  1752      64.4679    0.00604
  1753      64.4758    0.00000
  1754      64.4998    0.00000
  1755      64.5358    0.03904
  1756      64.5828    0.00000
  1757      64.5903    0.00747
  1758      64.6634    0.00237
  1759      64.7480    0.00000
  1760      64.7525    0.00001
  1761      64.8298    0.00000
  1762      64.8606    0.08850
  1763      64.8825    0.00000
  1764      64.9073    0.00000
  1765      64.9581    0.00000
  1766      64.9732    0.00000
  1767      65.0025    0.07918
  1768      65.0290    0.00000
  1769      65.0784    0.00000
  1770      65.1591    0.00299
  1771      65.1931    0.00342
  1772      65.2010    0.00000
  1773      65.2653    0.04793
  1774      65.2901    0.00871
  1775      65.3285    0.02811
  1776      65.4042    0.00000
  1777      65.4652    0.00000
  1778      65.7333    0.00000
  1779      65.7391    0.00000
  1780      65.8478    0.00000
  1781      65.8505    0.00000
  1782      65.8751    0.00000
  1783      65.9438    0.00000
  1784      66.0097    0.13914
  1785      66.0196    0.00000
  1786      66.1911    0.00000
  1787      66.1977    0.03171
  1788      66.2497    0.00000
  1789      66.2609    0.00000
  1790      66.3004    0.00685
  1791      66.3983    0.00000
  1792      66.4466    0.01110
  1793      66.5455    0.00810
  1794      66.5532    0.00073
  1795      66.5682    0.00081
  1796      66.6094    0.00000
  1797      66.6566    0.00130
  1798      66.6688    0.00000
  1799      66.7414    0.03392
  1800      66.7999    0.00000
  1801      66.8355    0.00000
  1802      66.8452    0.00000
  1803      66.8962    0.02144
  1804      66.9324    0.00000
  1805      67.0746    0.00000
  1806      67.0870    0.00000
  1807      67.1647    0.00510
  1808      67.2384    0.01466
  1809      67.2755    0.00571
  1810      67.3214    0.00000
  1811      67.4526    0.00000
  1812      67.5267    0.00110
  1813      67.5983    0.00000
  1814      67.6399    0.01855
  1815      67.6507    0.00000
  1816      67.7379    0.00124
  1817      67.7695    0.00000
  1818      67.9271    0.00000
  1819      67.9965    0.02763
  1820      68.0268    0.00617
  1821      68.0323    0.00000
  1822      68.2038    0.00000
  1823      68.2414    0.00905
  1824      68.2633    0.00000
  1825      68.4419    0.02109
  1826      68.4777    0.05083
  1827      68.5424    0.02180
  1828      68.5491    0.00000
  1829      68.5864    0.00014
  1830      68.5924    0.00000
  1831      68.6019    0.00000
  1832      68.6672    0.00034
  1833      68.7067    0.00000
  1834      68.7263    0.00000
  1835      68.7293    0.00378
  1836      68.7315    0.00000
  1837      68.7521    0.01339
  1838      68.9413    0.00389
  1839      69.0154    0.11023
  1840      69.1417    0.00000
  1841      69.1990    0.00000
  1842      69.3053    0.00000
  1843      69.3151    0.00000
  1844      69.3546    0.00000
  1845      69.3733    0.02630
  1846      69.4161    0.00010
  1847      69.4876    0.00000
  1848      69.5182    0.08934
  1849      69.6218    0.00000
  1850      69.6738    0.00000
  1851      69.6997    0.00000
  1852      69.7054    0.00000
  1853      69.8276    0.00000
  1854      69.8848    0.00001
  1855      69.8982    0.00000
  1856      69.9871    0.00052
  1857      70.0123    0.00000
  1858      70.0710    0.03047
  1859      70.1106    0.00000
  1860      70.1338    0.00000
  1861      70.1460    0.01269
  1862      70.2947    0.00000
  1863      70.3017    0.00000
  1864      70.3709    0.00802
  1865      70.4337    0.00000
  1866      70.4710    0.00000
  1867      70.4822    0.00000
  1868      70.4859    0.00000
  1869      70.5618    0.00000
  1870      70.5853    0.00000
  1871      70.7348    0.01013
  1872      70.7851    0.00000
  1873      70.8927    0.00437
  1874      70.9005    0.00000
  1875      70.9783    0.00000
  1876      71.0407    0.00000
  1877      71.1955    0.00009
  1878      71.2287    0.00000
  1879      71.3339    0.00000
  1880      71.4339    0.00000
  1881      71.4424    0.00000
  1882      71.4474    0.00000
  1883      71.4481    0.00000
  1884      71.5330    0.00000
  1885      71.5347    0.00000
  1886      71.7342    0.00161
  1887      71.8344    0.00000
  1888      71.9246    0.02225
  1889      71.9277    0.00000
  1890      72.0067    0.00352
  1891      72.0149    0.02407
  1892      72.0303    0.00316
  1893      72.0560    0.00000
  1894      72.0841    0.00000
  1895      72.2345    0.00364
  1896      72.2949    0.00000
  1897      72.2984    0.01788
  1898      72.3179    0.00000
  1899      72.3345    0.00002
  1900      72.3864    0.00433
  1901      72.3995    0.00000
  1902      72.4021    0.00000
  1903      72.4202    0.00000
  1904      72.5205    0.00000
  1905      72.5504    0.00000
  1906      72.7424    0.00169
  1907      72.8119    0.00996
  1908      72.8395    0.01911
  1909      72.9059    0.00203
  1910      72.9206    0.00000
  1911      72.9326    0.00000
  1912      72.9623    0.00000
  1913      73.0236    0.00396
  1914      73.0461    0.00000
  1915      73.0577    0.00000
  1916      73.0811    0.00000
  1917      73.1276    0.00105
  1918      73.1875    0.01082
  1919      73.2120    0.00164
  1920      73.3821    0.00000
  1921      73.4706    0.00000
  1922      73.6008    0.47753
  1923      73.6469    0.00000
  1924      74.0295    0.00000
  1925      74.0557    0.00000
  1926      74.0562    0.04658
  1927      74.0811    0.00000
  1928      74.1056    0.01122
  1929      74.1122    0.00000
  1930      74.1166    0.00000
  1931      74.1367    0.00000
  1932      74.2862    0.00000
  1933      74.3058    0.00074
  1934      74.3417    0.00000
  1935      74.4897    0.00000
  1936      74.4927    0.00835
  1937      74.5069    0.00000
  1938      74.5312    0.00000
  1939      74.5429    0.00539
  1940      74.5625    0.05622
  1941      74.5900    0.00000
  1942      74.5936    0.00000
  1943      74.7217    0.04448
  1944      74.7794    0.00093
  1945      74.7876    0.00000
  1946      74.8787    0.01926
  1947      75.0020    0.00000
  1948      75.0964    0.00000
  1949      75.1955    0.13939
  1950      75.3596    0.00000
  1951      75.3673    0.01377
  1952      75.4474    0.06198
  1953      75.4613    0.00603
  1954      75.5031    0.00000
  1955      75.5759    0.00000
  1956      75.8349    0.00000
  1957      75.9250    0.00000
  1958      75.9668    0.00000
  1959      75.9862    0.00059
  1960      75.9945    0.00000
  1961      76.0198    0.00000
  1962      76.0907    0.00000
  1963      76.1178    0.00000
  1964      76.1614    0.00000
  1965      76.1905    0.00960
  1966      76.2039    0.00000
  1967      76.3037    0.00000
  1968      76.3407    0.00000
  1969      76.4757    0.00246
  1970      76.5180    0.00000
  1971      76.5312    0.01104
  1972      76.6518    0.00000
  1973      76.8446    0.00000
  1974      76.8871    0.01250
  1975      76.8898    0.02813
  1976      76.9317    0.00000
  1977      76.9775    0.00000
  1978      77.0600    0.04215
  1979      77.1266    0.00000
  1980      77.2490    0.00000
  1981      77.3113    0.00000
  1982      77.3662    0.00921
  1983      77.4261    0.01377
  1984      77.4335    0.00000
  1985      77.4823    0.00000
  1986      77.5809    0.01600
  1987      77.7161    0.02755
  1988      77.7947    0.00012
  1989      77.8793    0.00024
  1990      77.9589    0.00000
  1991      77.9681    0.00000
  1992      78.0302    0.00013
  1993      78.1729    0.00146
  1994      78.2103    0.00000
  1995      78.2167    0.00540
  1996      78.2611    0.00597
  1997      78.3478    0.00000
  1998      78.3487    0.00000
  1999      78.4004    0.01437
  2000      78.4709    0.00000
  2001      78.5020    0.00000
  2002      78.5155    0.00000
  2003      78.6271    0.00000
  2004      78.6349    0.00000
  2005      78.7767    0.00000
  2006      78.8624    0.00000
  2007      79.1324    0.00000
  2008      79.1429    0.01659
  2009      79.1658    0.00134
  2010      79.3644    0.00122
  2011      79.4842    0.00000
  2012      79.5014    0.00000
  2013      79.5368    0.00000
  2014      79.5810    0.00000
  2015      79.6014    0.00000
  2016      79.6839    0.01631
  2017      79.8452    0.00753
  2018      79.8755    0.00507
  2019      79.9302    0.02158
  2020      80.0467    0.02715
  2021      80.0950    0.00000
  2022      80.1610    0.00000
  2023      80.1759    0.00000
  2024      80.2021    0.21425
  2025      80.2230    0.00000
  2026      80.3537    0.00159
  2027      80.3626    0.00000
  2028      80.3974    0.00853
  2029      80.6342    0.02218
  2030      80.6424    0.00000
  2031      80.6881    0.00024
  2032      80.7383    0.00000
  2033      80.7784    0.00030
  2034      80.7850    0.00618
  2035      80.8793    0.00000
  2036      81.0964    0.00000
  2037      81.3001    0.00175
  2038      81.4171    0.01029
  2039      81.4436    0.00127
  2040      81.4834    0.00000
  2041      81.6324    0.00523
  2042      81.7469    0.00985
  2043      81.9109    0.00000
  2044      81.9228    0.00000
  2045      81.9509    0.00000
  2046      82.3573    0.00000
  2047      82.4564    0.00009
  2048      82.5170    0.00000
  2049      82.5535    0.01166
  2050      82.6064    0.00087
  2051      82.8538    0.00000
  2052      83.0078    0.03357
  2053      83.1170    0.00222
  2054      83.2219    0.00000
  2055      83.3274    0.00000
  2056      83.3831    0.00000
  2057      83.4069    0.00103
  2058      83.5681    0.00000
  2059      83.5844    0.00000
  2060      83.6573    0.00000
  2061      83.7401    0.00295
  2062      83.9460    0.00000
  2063      84.1513    0.00000
  2064      84.2415    0.00000
  2065      84.4487    0.00000
  2066      84.6384    0.00000
  2067      84.6622    0.00000
  2068      84.8699    0.00000
  2069      84.8756    0.00053
  2070      85.0302    0.07214
  2071      85.0521    0.00000
  2072      85.2220    0.00000
  2073      85.4826    0.00258
  2074      85.5573    0.00000
  2075      85.7267    0.00000
  2076      85.7612    0.00142
  2077      85.9586    0.00741
  2078      85.9884    0.00000
  2079      86.0247    0.00000
  2080      86.2330    0.00000
  2081      86.3021    0.00372
  2082      86.3895    0.01612
  2083      86.7117    0.00000
  2084      86.8087    0.00000
  2085      86.9244    0.00000
  2086      86.9768    0.00000
  2087      87.0002    0.00074
  2088      87.1468    0.00000
  2089      87.1908    0.00000
  2090      87.2956    0.00000
  2091      87.3433    0.00179
  2092      87.4403    0.00000
  2093      87.7890    0.02008
  2094      87.8365    0.00000
  2095      87.9826    0.07619
  2096      88.0310    0.00000
  2097      88.1405    0.03419
  2098      88.3170    0.00000
  2099      88.3311    0.00000
  2100      88.5450    0.00834
  2101      88.6564    0.02582
  2102      88.8344    0.00000
  2103      88.9112    0.00000
  2104      89.0787    0.00000
  2105      89.1215    0.14194
  2106      89.1518    0.02977
  2107      89.2591    0.00000
  2108      89.2752    0.00160
  2109      89.3270    0.00000
  2110      89.3741    0.00000
  2111      89.4596    0.00163
  2112      89.4706    0.00097
  2113      89.5135    0.00000
  2114      89.6873    0.00977
  2115      90.3687    0.00000
  2116      90.4596    0.00000
  2117      90.4925    0.00000
  2118      90.6971    0.00000
  2119      91.0313    0.00000
  2120      91.1205    0.00261
  2121      91.1472    0.00489
  2122      91.2506    0.00000
  2123      91.3734    0.00003
  2124      91.3997    0.00000
  2125      91.4220    0.00000
  2126      91.4542    0.00639
  2127      91.5100    0.04960
  2128      91.5244    0.00000
  2129      91.6422    0.00000
  2130      91.8762    0.00101
  2131      91.9398    0.00000
  2132      92.0238    0.00019
  2133      92.2289    0.00000
  2134      92.3994    0.00000
  2135      92.5779    0.00322
  2136      92.7046    0.00000
  2137      92.7441    0.00000
  2138      92.8705    0.00000
  2139      92.8948    0.00000
  2140      92.9045    0.08348
  2141      92.9361    0.00000
  2142      93.2114    0.00000
  2143      93.2616    0.00000
  2144      93.3376    0.01643
  2145      93.3492    0.00330
  2146      93.4366    0.00000
  2147      93.4652    0.00113
  2148      93.5060    0.00000
  2149      93.6730    0.00000
  2150      93.8227    0.00000
  2151      93.8990    0.00000
  2152      93.9210    0.06110
  2153      94.1838    0.00000
  2154      94.2633    0.00000
  2155      94.5624    0.00000
  2156      94.7279    0.00000
  2157      94.7352    0.00000
  2158      94.7703    0.00000
  2159      94.9024    0.00076
  2160      95.1368    0.00000
  2161      95.2944    0.00006
  2162      95.4386    0.02667
  2163      95.7423    0.00000
  2164      96.0272    0.06332
  2165      96.1960    0.00000
  2166      96.2434    0.00000
  2167      96.3262    0.00124
  2168      96.3666    0.00000
  2169      96.4831    0.00000
  2170      96.6177    0.00000
  2171      96.6355    0.01416
  2172      96.8586    0.00000
  2173      97.0110    0.00881
  2174      97.2198    0.00000
  2175      97.2326    0.02829
  2176      97.3750    0.00200
  2177      97.4355    0.00000
  2178      97.6631    0.00568
  2179      97.6902    0.00000
  2180      97.8063    0.00000
  2181      97.9178    0.00000
  2182      98.3885    0.00000
  2183      98.5670    0.00000
  2184      98.7130    0.00000
  2185      98.7436    0.00000
  2186      98.8601    0.01039
  2187      98.9459    0.00000
  2188      99.0122    0.02573
  2189      99.0209    0.00250
  2190      99.1735    0.00052
  2191      99.2749    0.00000
  2192      99.4869    0.00005
  2193      99.5060    0.00000
  2194      99.6912    0.03804
  2195      99.7322    0.00138
  2196      99.7550    0.00000
  2197     100.3129    0.00000
  2198     100.3297    0.00000
  2199     100.4268    0.00000
  2200     100.5647    0.00000
  2201     100.6297    0.01172
  2202     100.9789    0.00753
  2203     101.1184    0.00000
  2204     101.2803    0.00000
  2205     101.4167    0.00000
  2206     101.6097    0.00000
  2207     101.7398    0.00000
  2208     101.9633    0.00610
  2209     102.2897    0.00000
  2210     102.4502    0.00078
  2211     102.4600    0.03869
  2212     102.4639    0.00000
  2213     102.6445    0.00000
  2214     102.8509    0.00010
  2215     102.9743    0.01398
  2216     103.1774    0.00160
  2217     103.7166    0.01604
  2218     103.7602    0.00000
  2219     103.8538    0.01082
  2220     103.8778    0.00080
  2221     103.9180    0.00000
  2222     104.0157    0.00000
  2223     104.0876    0.01259
  2224     104.3743    0.00259
  2225     104.7790    0.00000
  2226     104.8238    0.00588
  2227     105.1488    0.00008
  2228     105.2524    0.00049
  2229     105.3714    0.00000
  2230     105.8385    0.00000
  2231     106.0850    0.00000
  2232     106.6316    0.00000
  2233     106.6997    0.02219
  2234     106.7127    0.00000
  2235     107.4014    0.00091
  2236     107.6747    0.00000
  2237     107.7010    0.00000
  2238     107.7674    0.00000
  2239     107.8667    0.00000
  2240     107.9006    0.00000
  2241     108.0717    0.01094
  2242     108.0906    0.01332
  2243     108.2791    0.00000
  2244     108.2889    0.00000
  2245     109.1007    0.00000
  2246     109.2903    0.00000
  2247     109.4050    0.00000
  2248     109.7366    0.02304
  2249     109.7882    0.00000
  2250     109.9483    0.00000
  2251     110.0121    0.00000
  2252     110.4448    0.00275
  2253     110.4506    0.00000
  2254     110.8228    0.00889
  2255     111.4190    0.00000
  2256     111.5992    0.00258
  2257     111.7385    0.00000
  2258     111.9662    0.00000
  2259     112.2814    0.01751
  2260     112.3669    0.01012
  2261     112.6413    0.00000
  2262     112.7380    0.00153
  2263     112.7947    0.00000
  2264     113.0758    0.02347
  2265     113.3711    0.00380
  2266     113.8195    0.00241
  2267     114.2063    0.00072
  2268     114.2259    0.00000
  2269     114.2889    0.00176
  2270     115.0211    0.00389
  2271     115.0254    0.00004
  2272     115.1268    0.00229
  2273     115.7458    0.00000
  2274     116.2388    0.00884
  2275     116.7085    0.00000
  2276     116.7543    0.00002
  2277     116.9400    0.00000
  2278     117.7554    0.00000
  2279     118.0537    0.00000
  2280     118.1077    0.00000
  2281     119.1201    0.00000
  2282     119.3045    0.00000
  2283     120.0045    0.00000
  2284     120.2205    0.00000
  2285     120.5038    0.00018
  2286     121.2189    0.00000
  2287     122.8325    0.00302
  2288     123.2268    0.00002
  2289     124.1359    0.00107
  2290     124.4238    0.00021
  2291     126.6119    0.00372
  2292     127.5197    0.00000
  2293     128.6810    0.00000
  2294     131.1281    0.00000
  2295     133.0955    0.00001
  2296     296.1898    0.00000
  2297     296.2158    0.00000
  2298     296.2330    0.00000
  2299     296.2519    0.21685
  2300     297.5093    0.00000
  2301     297.5260    0.02088
  2302     297.5309    0.00000
  2303     297.5385    0.00000
  2304     299.3247    0.00703
  2305     299.3481    0.00000
  2306     299.4766    0.00000
  2307     299.4848    0.02627
  2308     300.2643    0.00000
  2309     300.2693    0.00443
  2310     300.3189    0.00000
  2311     300.3655    0.00000
  2312     300.4161    0.00000
  2313     300.4170    0.00696
  2314     300.4920    0.02062
  2315     300.5101    0.00000
  2316     300.5946    0.00000
  2317     300.6237    0.00132
  2318     300.7134    0.00135
  2319     300.7243    0.00000
  2320     300.9150    0.00567
  2321     300.9528    0.00000
  2322     301.0885    0.00000
  2323     301.1031    0.00037
  2324     301.1956    0.00061
  2325     301.2273    0.00000
  2326     301.3597    0.00000
  2327     301.3706    0.00004
  2328     301.5097    0.00160
  2329     301.5500    0.00000
  2330     301.6624    0.00000
  2331     301.6796    0.00810
  2332     301.7706    0.00008
  2333     301.7874    0.00000
  2334     301.8209    0.00000
  2335     301.8276    0.00000
  2336     301.9736    0.00000
  2337     301.9767    0.00000
  2338     301.9914    0.00000
  2339     301.9921    0.01362
  2340     302.0513    0.00649
  2341     302.0604    0.00000
  2342     302.1668    0.00000
  2343     302.1697    0.03029
  2344     302.4139    0.00000
  2345     302.4663    0.00008
  2346     302.4894    0.00000
  2347     302.5334    0.00140
  2348     302.5866    0.00002
  2349     302.6092    0.00000
  2350     302.6591    0.00009
  2351     302.6783    0.00000
  2352     302.6819    0.00001
  2353     302.6896    0.04113
  2354     302.8261    0.00000
  2355     302.8301    0.00000
  2356     303.0570    0.00000
  2357     303.0661    0.00052
  2358     303.0789    0.00016
  2359     303.0911    0.00000
  2360     303.1865    0.00000
  2361     303.2042    0.00001
  2362     303.2856    0.00247
  2363     303.2893    0.00000
  2364     303.3552    0.00333
  2365     303.3578    0.00001
  2366     303.4024    0.00000
  2367     303.4516    0.00240
  2368     303.4882    0.00172
  2369     303.5139    0.00000
  2370     303.5218    0.00000
  2371     303.5230    0.00000
  2372     303.6031    0.00035
  2373     303.6188    0.00000
  2374     303.6813    0.00000
  2375     303.6899    0.00151
  2376     303.9176    0.00200
  2377     303.9438    0.00000
  2378     304.0123    0.00728
  2379     304.0469    0.00000
  2380     304.0518    0.00000
  2381     304.0891    0.00024
  2382     304.1059    0.00000
  2383     304.1097    0.00202
  2384     304.1959    0.00000
  2385     304.2140    0.01618
  2386     304.2231    0.00266
  2387     304.2395    0.00000
  2388     304.5418    0.00000
  2389     304.5973    0.00000
  2390     304.7070    0.00129
  2391     304.7329    0.00000
  2392     304.9299    0.00892
  2393     304.9593    0.00000
  2394     305.0857    0.00000
  2395     305.0956    0.02656
  2396     305.5326    0.00796
  2397     305.5429    0.00433
  2398     305.5728    0.00000
  2399     305.5929    0.00000
  2400     305.5950    0.00000
  2401     305.6383    0.00000
  2402     305.6625    0.00000
  2403     305.6846    0.00287
  2404     305.7496    0.00000
  2405     305.7802    0.00000
  2406     305.8133    0.00181
  2407     305.8367    0.00000
  2408     305.9076    0.00416
  2409     305.9570    0.00000
  2410     306.0603    0.00000
  2411     306.0882    0.00320
  2412     306.1532    0.00000
  2413     306.1904    0.00769
  2414     306.2892    0.00298
  2415     306.3028    0.00000
  2416     306.4082    0.00000
  2417     306.4465    0.00381
  2418     306.4752    0.00000
  2419     306.4950    0.02367
  2420     306.5046    0.00000
  2421     306.5115    0.00329
  2422     306.5498    0.00518
  2423     306.5734    0.00000
  2424     306.6104    0.00257
  2425     306.6343    0.00000
  2426     306.6594    0.02949
  2427     306.6613    0.00000
  2428     306.6922    0.00043
  2429     306.7055    0.00000
  2430     306.8013    0.00000
  2431     306.8136    0.04095
  2432     307.2129    0.00003
  2433     307.2514    0.00000
  2434     307.2986    0.00000
  2435     307.3216    0.00508
  2436     307.9718    0.01229
  2437     307.9881    0.00000
  2438     308.0731    0.00000
  2439     308.0799    0.05418
  2440     308.3023    0.00052
  2441     308.3057    0.00000
  2442     308.3184    0.00000
  2443     308.3372    0.06033
  2444     308.3409    0.00000
  2445     308.3493    0.00000
  2446     308.3819    0.00000
  2447     308.3947    0.03117
  2448     308.8480    0.00000
  2449     308.8824    0.00147
  2450     308.9406    0.00616
  2451     308.9526    0.00000
  2452     309.0058    0.00000
  2453     309.0099    0.00323
  2454     309.0159    0.00000
  2455     309.0161    0.00000
  2456     309.1637    0.00000
  2457     309.1766    0.00029
  2458     309.2225    0.05731
  2459     309.2467    0.00000
  2460     309.5139    0.00000
  2461     309.5366    0.00007
  2462     309.6160    0.02213
  2463     309.6216    0.00000
  2464     309.9683    0.00026
  2465     309.9687    0.00455
  2466     310.0429    0.00000
  2467     310.0568    0.00298
  2468     310.2551    0.00188
  2469     310.2689    0.00000
  2470     310.3720    0.00000
  2471     310.3768    0.00570
  2472     310.6007    0.00000
  2473     310.6267    0.00000
  2474     310.6527    0.00000
  2475     310.6658    0.00893
  2476     310.7849    0.00000
  2477     310.7891    0.00000
  2478     310.8000    0.00000
  2479     310.8075    0.00032
  2480     310.8760    0.00764
  2481     310.9103    0.00000
  2482     311.0310    0.00000
  2483     311.0480    0.00228
  2484     311.1204    0.00000
  2485     311.1655    0.00000
  2486     311.2770    0.01989
  2487     311.2957    0.00000
  2488     311.7724    0.00000
  2489     311.7994    0.00235
  2490     311.9365    0.00313
  2491     311.9453    0.00000
  2492     312.0666    0.00000
  2493     312.0962    0.00162
  2494     312.1806    0.03542
  2495     312.2006    0.00000
  2496     312.2980    0.01637
  2497     312.3041    0.00001
  2498     312.4362    0.00000
  2499     312.4379    0.00014
  2500     312.5390    0.00000
  2501     312.5550    0.00123
  2502     312.7006    0.00270
  2503     312.7071    0.00000
  2504     313.1906    0.00377
  2505     313.2361    0.00000
  2506     313.3189    0.00000
  2507     313.3418    0.00143
  2508     313.6321    0.00319
  2509     313.6743    0.00000
  2510     313.7104    0.00000
  2511     313.7138    0.00000
  2512     313.7557    0.00000
  2513     313.7822    0.13026
  2514     313.7934    0.00000
  2515     313.8113    0.01238
  2516     314.1525    0.00000
  2517     314.1765    0.00000
  2518     314.2299    0.00056
  2519     314.2330    0.00000
  2520     314.3718    0.00000
  2521     314.4136    0.00214
  2522     314.5383    0.01008
  2523     314.5570    0.00000
  2524     314.9823    0.00000
  2525     315.0071    0.00000
  2526     315.0272    0.00000
  2527     315.0515    0.02944
  2528     315.1198    0.03103
  2529     315.1634    0.00000
  2530     315.1838    0.00000
  2531     315.2207    0.00574
  2532     315.2625    0.00000
  2533     315.2853    0.00167
  2534     315.3379    0.00000
  2535     315.3437    0.01997
  2536     315.5980    0.00000
  2537     315.6097    0.00343
  2538     315.6820    0.00009
  2539     315.6848    0.00000
  2540     315.9130    0.00000
  2541     315.9459    0.00862
  2542     315.9842    0.01950
  2543     316.0024    0.00000
  2544     316.6361    0.00000
  2545     316.6549    0.00000
  2546     316.6590    0.03172
  2547     316.6926    0.00000
  2548     316.7233    0.02581
  2549     316.7279    0.00000
  2550     316.7386    0.05772
  2551     316.7456    0.00000
  2552     316.9178    0.01407
  2553     316.9441    0.00000
  2554     316.9759    0.00000
  2555     316.9800    0.03078
  2556     317.0450    0.00054
  2557     317.0899    0.00000
  2558     317.1636    0.00000
  2559     317.1893    0.00000
  2560     317.3496    0.00361
  2561     317.4004    0.00000
  2562     317.5031    0.00100
  2563     317.5036    0.00000
  2564     317.5277    0.00000
  2565     317.5306    0.00000
  2566     317.5817    0.00000
  2567     317.5828    0.00012
  2568     317.9036    0.01035
  2569     317.9145    0.00000
  2570     317.9410    0.00521
  2571     317.9542    0.00000
  2572     318.2250    0.00286
  2573     318.2650    0.00000
  2574     318.3635    0.00000
  2575     318.3807    0.00419
  2576     318.9823    0.00000
  2577     319.0316    0.00000
  2578     319.1137    0.00000
  2579     319.1474    0.03205
  2580     319.1517    0.00000
  2581     319.1727    0.02433
  2582     319.2481    0.00576
  2583     319.2667    0.00000
  2584     319.4410    0.00000
  2585     319.4655    0.00469
  2586     319.6020    0.00157
  2587     319.6122    0.00000
  2588     319.9388    0.00000
  2589     319.9792    0.02337
  2590     320.0937    0.00000
  2591     320.1108    0.00000
  2592     321.0809    0.00005
  2593     321.0822    0.00646
  2594     321.2221    0.00019
  2595     321.2221    0.03939
  2596     321.8151    0.04448
  2597     321.8261    0.00000
  2598     321.8409    0.00000
  2599     321.8602    0.00000
  2600     322.1196    0.00000
  2601     322.1293    0.00436
  2602     322.1437    0.00201
  2603     322.1866    0.00000
  2604     322.3644    0.00705
  2605     322.3763    0.00000
  2606     322.3856    0.00000
  2607     322.3880    0.00000
  2608     322.4023    0.00173
  2609     322.4054    0.02266
  2610     322.4195    0.00000
  2611     322.4340    0.00000
  2612     323.3547    0.00510
  2613     323.4022    0.00000
  2614     323.5155    0.00000
  2615     323.5354    0.05081
  2616     324.6835    0.00000
  2617     324.7329    0.00074
  2618     324.7556    0.00236
  2619     324.8113    0.00000
  2620     324.8435    0.01363
  2621     324.8642    0.00000
  2622     324.9308    0.00000
  2623     324.9542    0.00000
  2624     325.3006    0.00000
  2625     325.3400    0.00000
  2626     325.3526    0.00000
  2627     325.3812    0.00147
  2628     325.4456    0.00000
  2629     325.4730    0.02581
  2630     325.4732    0.00000
  2631     325.4940    0.03409
  2632     325.5124    0.00000
  2633     325.5276    0.00729
  2634     325.6516    0.00000
  2635     325.6741    0.00000
  2636     325.7387    0.00000
  2637     325.7901    0.00088
  2638     325.8950    0.00000
  2639     325.9193    0.00000
  2640     327.4799    0.00000
  2641     327.5243    0.01283
  2642     327.5495    0.01019
  2643     327.5742    0.00000
  2644     327.8872    0.00220
  2645     327.9235    0.00000
  2646     327.9562    0.00000
  2647     327.9810    0.00465
  2648     329.2168    0.00000
  2649     329.2722    0.03191
  2650     329.3880    0.00000
  2651     329.4119    0.00000
  2652     329.5634    0.00000
  2653     329.6112    0.04334
  2654     329.7249    0.00846
  2655     329.7442    0.00000
  2656     331.8475    0.00000
  2657     331.8789    0.02297
  2658     332.0128    0.01881
  2659     332.0266    0.00000
  2660     332.6521    0.01625
  2661     332.6810    0.00000
  2662     332.6816    0.00000
  2663     332.7288    0.00000
  2664     332.8068    0.00000
  2665     332.8217    0.00570
  2666     332.8588    0.00460
  2667     332.8785    0.00000
  2668     333.9191    0.00000
  2669     333.9435    0.00000
  2670     334.0924    0.00163
  2671     334.1027    0.00000
  2672     334.2626    0.00000
  2673     334.2960    0.01358
  2674     334.4054    0.02761
  2675     334.4221    0.00000
  2676     334.7519    0.00735
  2677     334.7878    0.00000
  2678     334.8217    0.00000
  2679     334.8499    0.00001
  2680     335.2850    0.00757
  2681     335.3233    0.00000
  2682     335.3469    0.00000
  2683     335.3741    0.00026
  2684     335.6906    0.01755
  2685     335.6987    0.00000
  2686     335.7096    0.00008
  2687     335.7215    0.00000
  2688     335.8030    0.00000
  2689     335.8179    0.00000
  2690     335.9750    0.00000
  2691     335.9774    0.00482
  2692     335.9783    0.00007
  2693     335.9811    0.00128
  2694     336.1006    0.00000
  2695     336.1022    0.00424
  2696     337.5197    0.00045
  2697     337.5226    0.00000
  2698     337.6794    0.00000
  2699     337.6817    0.00053
  2700     337.9964    0.00019
  2701     338.0199    0.00000
  2702     338.0402    0.00000
  2703     338.0415    0.00000
  2704     338.2736    0.02501
  2705     338.2798    0.00000
  2706     338.2934    0.00000
  2707     338.3044    0.00000
  2708     338.5284    0.00105
  2709     338.5452    0.00000
  2710     338.6290    0.00000
  2711     338.6418    0.00002
  2712     339.1694    0.00000
  2713     339.2022    0.00049
  2714     339.2546    0.00033
  2715     339.2774    0.00000
  2716     340.2233    0.00000
  2717     340.2427    0.00000
  2718     340.3898    0.00000
  2719     340.3967    0.00212
  2720     340.4119    0.00008
  2721     340.4423    0.00000
  2722     340.4945    0.01412
  2723     340.5117    0.00000
  2724     340.7988    0.00016
  2725     340.8190    0.00000
  2726     340.8759    0.00000
  2727     340.8904    0.00302
  2728     341.0519    0.00276
  2729     341.0920    0.00000
  2730     341.1997    0.00000
  2731     341.2152    0.00000
  2732     343.3134    0.00000
  2733     343.3336    0.00731
  2734     343.4764    0.01043
  2735     343.4843    0.00000
  2736     343.6465    0.00000
  2737     343.6909    0.00247
  2738     343.8237    0.00000
  2739     343.8425    0.00000
  2740     345.0172    0.00000
  2741     345.0278    0.01290
  2742     345.0468    0.00000
  2743     345.0619    0.00460
  2744     345.2496    0.03259
  2745     345.2662    0.00000
  2746     345.2745    0.00000
  2747     345.2830    0.00246
  2748     345.4733    0.00000
  2749     345.5014    0.00000
  2750     345.6435    0.00000
  2751     345.6554    0.00002
  2752     347.1130    0.00000
  2753     347.1421    0.00432
  2754     347.2742    0.00010
  2755     347.2854    0.00000
  2756     347.8695    0.00077
  2757     347.8887    0.00000
  2758     348.0205    0.00000
  2759     348.0288    0.02010
  2760     348.3196    0.00000
  2761     348.3326    0.00000
  2762     348.3949    0.00000
  2763     348.4119    0.01545
  2764     349.1373    0.00000
  2765     349.1544    0.00000
  2766     349.2246    0.00000
  2767     349.2371    0.00000
  2768     349.3205    0.00000
  2769     349.3408    0.00218
  2770     349.4840    0.00663
  2771     349.4924    0.00000
  2772     349.9001    0.00000
  2773     349.9023    0.00027
  2774     350.0528    0.02572
  2775     350.0536    0.00000
  2776     350.8571    0.00000
  2777     350.8710    0.00000
  2778     350.9534    0.00157
  2779     350.9811    0.00000
  2780     351.0307    0.00040
  2781     351.0364    0.00000
  2782     351.1267    0.00000
  2783     351.1379    0.00000
  2784     351.4143    0.00148
  2785     351.4581    0.00000
  2786     351.5838    0.00000
  2787     351.6023    0.00081
  2788     351.9437    0.00005
  2789     351.9480    0.00000
  2790     352.1015    0.00000
  2791     352.1030    0.00042
  2792     352.4362    0.00000
  2793     352.4771    0.00010
  2794     352.6086    0.00698
  2795     352.6258    0.00000
  2796     354.3919    0.01046
  2797     354.4412    0.00000
  2798     354.5741    0.00000
  2799     354.5924    0.02598
  2800     355.6352    0.00013
  2801     355.6491    0.00000
  2802     355.8020    0.00000
  2803     355.8080    0.00000
  2804     357.1824    0.00000
  2805     357.1956    0.00009
  2806     357.3545    0.00000
  2807     357.3599    0.00000
  2808     358.9203    0.02941
  2809     358.9665    0.00000
  2810     359.0542    0.00000
  2811     359.0776    0.00094
  2812     359.4407    0.00000
  2813     359.4873    0.01092
  2814     359.5879    0.03287
  2815     359.6099    0.00000
  2816     360.3932    0.00000
  2817     360.4326    0.01198
  2818     360.5362    0.03513
  2819     360.5469    0.00000
  2820     360.6240    0.00000
  2821     360.6681    0.00033
  2822     360.7567    0.02737
  2823     360.7765    0.00000
  2824     360.9763    0.01726
  2825     360.9917    0.00000
  2826     361.1053    0.00000
  2827     361.1099    0.00015
  2828     362.1352    0.00102
  2829     362.1826    0.00000
  2830     362.2460    0.00000
  2831     362.2697    0.00716
  2832     362.7588    0.01883
  2833     362.7639    0.00001
  2834     362.8655    0.00064
  2835     362.8656    0.00494
  2836     363.7211    0.00000
  2837     363.7696    0.01074
  2838     363.8633    0.00053
  2839     363.8882    0.00000
  2840     364.5832    0.00120
  2841     364.6308    0.00000
  2842     364.6772    0.00000
  2843     364.6998    0.01270
  2844     364.8782    0.00000
  2845     364.9347    0.00000
  2846     365.0009    0.00002
  2847     365.0374    0.00000
  2848     365.0583    0.00051
  2849     365.0823    0.00000
  2850     365.1395    0.00000
  2851     365.1541    0.00863
  2852     370.6014    0.00052
  2853     370.6577    0.00000
  2854     370.7811    0.00000
  2855     370.8049    0.00000
  2856     372.6350    0.00000
  2857     372.6915    0.00000
  2858     372.8153    0.00000
  2859     372.8393    0.00103
  2860     373.1840    0.00000
  2861     373.2383    0.01399
  2862     373.3673    0.01835
  2863     373.3915    0.00000
  2864     379.0235    0.00000
  2865     379.0770    0.00940
  2866     379.0789    0.00000
  2867     379.1354    0.00006
  2868     379.1969    0.02947
  2869     379.2173    0.00000
  2870     379.2595    0.00000
  2871     379.2835    0.00000
  2872     380.6879    0.00568
  2873     380.7320    0.00000
  2874     380.8599    0.00000
  2875     380.8791    0.00496
  2876     383.3501    0.00000
  2877     383.3942    0.00009
  2878     383.4959    0.00235
  2879     383.5171    0.00000
  2880     383.7605    0.01291
  2881     383.8105    0.00000
  2882     383.9171    0.00000
  2883     383.9405    0.00481
  2884     384.3300    0.00000
  2885     384.3819    0.00411
  2886     384.4865    0.04033
  2887     384.5115    0.00000
  2888     388.1435    0.01872
  2889     388.1971    0.00000
  2890     388.3208    0.00000
  2891     388.3422    0.00498
  2892     389.1459    0.01140
  2893     389.1987    0.00000
  2894     389.3078    0.00000
  2895     389.3316    0.00820
  2896     394.3006    0.00000
  2897     394.3565    0.00729
  2898     394.4810    0.00000
  2899     394.5047    0.00000
  2900     399.2739    0.01405
  2901     399.3276    0.00000
  2902     399.4565    0.00000
  2903     399.4784    0.00666
  2904     404.2550    0.00000
  2905     404.3082    0.00028
  2906     404.4380    0.00574
  2907     404.4598    0.00000
  2908     410.9949    0.10768
  2909     411.0101    0.00000
  2910     413.3553    0.00000
  2911     413.3747    0.00000
  2912     415.0685    0.00000
  2913     415.0842    0.00027
  2914     415.7334    0.00001
  2915     415.7507    0.00000
  2916     415.9388    0.00005
  2917     415.9571    0.00000
  2918     416.0576    0.00258
  2919     416.0694    0.00000
  2920     416.3677    0.00000
  2921     416.3843    0.00006
  2922     416.5914    0.00000
  2923     416.6079    0.00022
  2924     417.0351    0.00000
  2925     417.0411    0.00000
  2926     417.0519    0.01440
  2927     417.0551    0.00012
  2928     417.2786    0.00000
  2929     417.2965    0.00000
  2930     417.8475    0.00288
  2931     417.8508    0.00129
  2932     417.8639    0.00000
  2933     417.8660    0.00000
  2934     418.0732    0.00000
  2935     418.0880    0.00011
  2936     418.3169    0.00011
  2937     418.3302    0.00000
  2938     418.4198    0.00000
  2939     418.4367    0.02054
  2940     418.5212    0.00000
  2941     418.5391    0.00000
  2942     418.7490    0.00457
  2943     418.7637    0.00000
  2944     418.8251    0.00000
  2945     418.8360    0.00287
  2946     418.9171    0.00070
  2947     418.9341    0.00000
  2948     419.3417    0.00535
  2949     419.3492    0.00000
  2950     419.3744    0.00000
  2951     419.3917    0.00134
  2952     419.5807    0.00000
  2953     419.5869    0.00836
  2954     419.6392    0.00633
  2955     419.6498    0.00000
  2956     420.4934    0.00000
  2957     420.5048    0.00321
  2958     420.9791    0.00000
  2959     420.9865    0.05856
  2960     420.9905    0.00000
  2961     420.9906    0.01319
  2962     420.9971    0.00000
  2963     421.0012    0.00012
  2964     421.2587    0.00238
  2965     421.2752    0.00000
  2966     421.3363    0.00000
  2967     421.3393    0.00001
  2968     421.7455    0.00000
  2969     421.7507    0.00334
  2970     421.8603    0.00098
  2971     421.8647    0.00000
  2972     422.1587    0.00493
  2973     422.1670    0.00000
  2974     422.4219    0.00000
  2975     422.4263    0.00251
  2976     422.7180    0.00000
  2977     422.7240    0.00004
  2978     423.2666    0.00000
  2979     423.2773    0.02221
  2980     424.0613    0.00552
  2981     424.0781    0.00000
  2982     424.1333    0.00000
  2983     424.1515    0.00000
  2984     424.2359    0.00724
  2985     424.2453    0.00000
  2986     424.5299    0.00000
  2987     424.5485    0.00309
  2988     424.7124    0.00000
  2989     424.7168    0.03005
  2990     424.9585    0.00845
  2991     424.9616    0.00000
  2992     425.3055    0.00666
  2993     425.3137    0.00000
  2994     425.6875    0.00000
  2995     425.6886    0.00010
  2996     426.1114    0.00000
  2997     426.1200    0.00000
  2998     426.1774    0.00000
  2999     426.1864    0.00000
  3000     426.5272    0.00000
  3001     426.5437    0.00061
  3002     426.6598    0.00180
  3003     426.6788    0.00000
  3004     427.0024    0.01139
  3005     427.0176    0.00000
  3006     427.7639    0.00000
  3007     427.7804    0.00913
  3008     427.8089    0.00265
  3009     427.8232    0.00000
  3010     427.9198    0.00432
  3011     427.9307    0.00000
  3012     428.7301    0.00000
  3013     428.7410    0.00379
  3014     429.0831    0.02702
  3015     429.0991    0.00000
  3016     429.2140    0.00000
  3017     429.2286    0.00051
  3018     429.8188    0.00000
  3019     429.8352    0.00000
  3020     429.9146    0.00741
  3021     429.9316    0.00000
  3022     430.1323    0.02217
  3023     430.1353    0.00000
  3024     430.8745    0.00000
  3025     430.8752    0.00032
  3026     431.0059    0.00000
  3027     431.0228    0.00000
  3028     431.0515    0.00341
  3029     431.0673    0.00000
  3030     431.3604    0.01146
  3031     431.3673    0.00000
  3032     431.8038    0.00794
  3033     431.8069    0.00000
  3034     432.2125    0.00000
  3035     432.2200    0.02393
  3036     432.3280    0.00000
  3037     432.3425    0.00473
  3038     432.5687    0.00000
  3039     432.5840    0.00155
  3040     432.8258    0.00000
  3041     432.8309    0.00286
  3042     432.8640    0.00000
  3043     432.8813    0.00000
  3044     433.5236    0.00000
  3045     433.5409    0.00256
  3046     433.8924    0.00000
  3047     433.9107    0.00003
  3048     434.4006    0.02714
  3049     434.4164    0.00000
  3050     434.5669    0.00000
  3051     434.5857    0.00000
  3052     434.7334    0.00284
  3053     434.7462    0.00000
  3054     435.8409    0.00000
  3055     435.8594    0.00000
  3056     436.6888    0.01804
  3057     436.6972    0.00000
  3058     436.7239    0.01081
  3059     436.7248    0.00002
  3060     437.1371    0.01249
  3061     437.1430    0.00000
  3062     437.3300    0.00000
  3063     437.3482    0.00169
  3064     437.8958    0.00000
  3065     437.9085    0.00165
  3066     439.2095    0.00000
  3067     439.2264    0.00060
  3068     440.0844    0.00000
  3069     440.0954    0.00913
  3070     440.0998    0.00304
  3071     440.1091    0.00000
  3072     440.7175    0.00000
  3073     440.7346    0.00000
  3074     441.0211    0.00003
  3075     441.0393    0.00000
  3076     441.1765    0.00397
  3077     441.1937    0.00000
  3078     441.1940    0.00000
  3079     441.2127    0.00000
  3080     442.6218    0.02685
  3081     442.6290    0.00000
  3082     443.3011    0.00000
  3083     443.3092    0.00019
  3084     444.8893    0.00000
  3085     444.9068    0.00000
  3086     445.3548    0.00190
  3087     445.3738    0.00000
  3088     445.9433    0.15665
  3089     445.9539    0.00000
  3090     447.3771    0.00000
  3091     447.3897    0.04517
  3092     447.7213    0.00148
  3093     447.7399    0.00000
  3094     449.4260    0.00000
  3095     449.4350    0.03728
  3096     449.9729    0.00001
  3097     449.9878    0.00000
  3098     450.0386    0.00912
  3099     450.0568    0.00000
  3100     450.9018    0.00000
  3101     450.9211    0.00000
  3102     451.0071    0.00000
  3103     451.0126    0.00114
  3104     451.4278    0.00000
  3105     451.4320    0.00204
  3106     451.8278    0.00000
  3107     451.8446    0.02389
  3108     452.8606    0.00000
  3109     452.8738    0.02401
  3110     453.2092    0.00239
  3111     453.2279    0.00000
  3112     453.8018    0.00000
  3113     453.8121    0.00164
  3114     454.4646    0.00007
  3115     454.4822    0.00000
  3116     454.7053    0.01200
  3117     454.7119    0.00000
  3118     455.3573    0.00000
  3119     455.3754    0.00000
  3120     455.8398    0.00000
  3121     455.8584    0.00386
  3122     456.1148    0.00000
  3123     456.1294    0.00996
  3124     457.0754    0.00000
  3125     457.0929    0.00071
  3126     459.1716    0.00000
  3127     459.1897    0.00000
  3128     459.4551    0.01954
  3129     459.4729    0.00000
  3130     460.1803    0.03187
  3131     460.1954    0.00000
  3132     460.4547    0.00000
  3133     460.4706    0.00329
  3134     461.5492    0.00000
  3135     461.5673    0.00068
  3136     462.5153    0.02062
  3137     462.5312    0.00000
  3138     463.8605    0.00000
  3139     463.8758    0.01784
  3140     464.5546    0.00032
  3141     464.5721    0.00000
  3142     464.9464    0.00000
  3143     464.9578    0.00000
  3144     465.4706    0.00000
  3145     465.4819    0.00000
  3146     465.8165    0.00001
  3147     465.8354    0.00000
  3148     466.2811    0.02101
  3149     466.2846    0.00000
  3150     466.3515    0.00000
  3151     466.3707    0.00051
  3152     466.8086    0.00000
  3153     466.8274    0.00096
  3154     466.9480    0.00000
  3155     466.9501    0.00299
  3156     467.9956    0.01204
  3157     468.0139    0.00000
  3158     469.6077    0.00000
  3159     469.6248    0.00496
  3160     471.5397    0.00000
  3161     471.5581    0.00479
  3162     472.3378    0.00000
  3163     472.3570    0.00000
  3164     473.6901    0.00000
  3165     473.6968    0.05163
  3166     475.2612    0.00613
  3167     475.2743    0.00000
  3168     475.2876    0.00945
  3169     475.3015    0.00000
  3170     475.8882    0.00000
  3171     475.8934    0.00566
  3172     476.1432    0.00483
  3173     476.1531    0.00000
  3174     477.7805    0.00000
  3175     477.7983    0.00012
  3176     478.1483    0.00816
  3177     478.1592    0.00000
  3178     478.7866    0.00132
  3179     478.8021    0.00000
  3180     479.3694    0.00001
  3181     479.3825    0.00000
  3182     480.1754    0.00000
  3183     480.1895    0.00140
  3184     480.5087    0.00000
  3185     480.5273    0.00112
  3186     485.6617    0.00000
  3187     485.6778    0.00045
  3188     486.5673    0.00000
  3189     486.5836    0.00000
  3190     489.1306    0.01176
  3191     489.1493    0.00000
  3192     494.0874    0.00000
  3193     494.1038    0.00000
  3194     494.4243    0.00429
  3195     494.4432    0.00000
  3196     495.8972    0.00000
  3197     495.9132    0.02409
  3198     498.4660    0.00326
  3199     498.4827    0.00000
  3200     498.8587    0.00955
  3201     498.8706    0.00000
  3202     499.0889    0.00000
  3203     499.1066    0.00132
  3204     502.9614    0.00000
  3205     502.9773    0.00042
  3206     504.5707    0.00000
  3207     504.5861    0.00507
  3208     509.5896    0.00001
  3209     509.6071    0.00000
  3210     515.3541    0.00000
  3211     515.3734    0.00022
  3212     519.5303    0.00258
  3213     519.5496    0.00000
  lowest singlet excitation = 5.0165 eV  (f = 0.00865)
