[warning] method.kind = "bse-tda" is Smoke-grade (see docs/VALIDATION.md): only excitation ordering and a physicality gate are checked; the excitation-energy gap error is inherited directly from the underlying GW quasiparticle gap (also Smoke-grade).
[ferric] memory budget: 10.27 GiB  [source: auto (0.8 × available RAM)]
ferric-gw: redressed eigenpotentials, max |‖V_α‖² − 1| = 2.208e-13
ferric BSE diag: λ_max(0)=2.4913  GW gap=0.4067 Ha (11.066 eV)  IP=10.408 eV
BSE-TDA[G0W0@HF]/aug-cc-pvdz (aux: aug-cc-pvdz-rifit) on testdata/molecules/thiel_set/pyrimidine.xyz
  nbasis     = 174
  RHF energy = -262.7258967685 Hartree
  nocc = 21  nvir = 153  (3213 singlet states)
     n   Omega (eV)      f_osc
     1       5.2685    0.00765
     2       5.8910    0.00000
     3       6.3419    0.07301
     4       6.9005    0.00000
     5       7.3636    0.00254
     6       7.3953    0.00764
     7       7.4298    0.01195
     8       7.5444    0.01898
     9       8.0148    0.07925
    10       8.0243    0.04841
    11       8.1087    0.00000
    12       8.2419    0.43271
    13       8.3498    0.00000
    14       8.3583    0.01064
    15       8.5349    0.00000
    16       8.6328    0.58530
    17       8.6332    0.26058
    18       8.6832    0.04831
    19       8.7719    0.02224
    20       8.8590    0.00632
    21       9.0267    0.01215
    22       9.1068    0.00458
    23       9.1368    0.01613
    24       9.2469    0.03210
    25       9.2582    0.00000
    26       9.2897    0.00083
    27       9.3096    0.00220
    28       9.4856    0.00000
    29       9.5074    0.00000
    30       9.5364    0.01185
    31       9.6840    0.02657
    32       9.7380    0.00000
    33       9.7876    0.00008
    34       9.8424    0.11147
    35       9.8572    0.00000
    36       9.9355    0.00000
    37       9.9379    0.04084
    38      10.0088    0.00000
    39      10.0154    0.00988
    40      10.0316    0.00203
    41      10.2379    0.00033
    42      10.2942    0.00000
    43      10.3085    0.01392
    44      10.3476    0.00000
    45      10.3530    0.00639
    46      10.3710    0.00006
    47      10.4630    0.02472
    48      10.4829    0.00431
    49      10.5065    0.00911
    50      10.5404    0.00000
    51      10.6344    0.00101
    52      10.6718    0.00445
    53      10.6832    0.03016
    54      10.7603    0.00658
    55      10.8079    0.00000
    56      10.8151    0.00215
    57      10.8296    0.00000
    58      10.9468    0.00347
    59      10.9881    0.00817
    60      11.0300    0.00073
    61      11.0534    0.00000
    62      11.1151    0.02450
    63      11.1473    0.00422
    64      11.2613    0.05830
    65      11.2619    0.00097
    66      11.2889    0.00843
    67      11.2926    0.00000
    68      11.3249    0.00000
    69      11.3271    0.00515
    70      11.3876    0.00000
    71      11.4603    0.00000
    72      11.5232    0.02743
    73      11.6244    0.02904
    74      11.6390    0.02359
    75      11.6806    0.19711
    76      11.8002    0.03030
    77      11.9370    0.02510
    78      11.9469    0.04420
    79      11.9731    0.01285
    80      11.9827    0.04503
    81      12.0134    0.03118
    82      12.0322    0.00000
    83      12.0449    0.00000
    84      12.0498    0.01921
    85      12.1130    0.01928
    86      12.1641    0.05343
    87      12.1776    0.03065
    88      12.1966    0.00000
    89      12.2387    0.05587
    90      12.2696    0.02143
    91      12.2702    0.01237
    92      12.4056    0.00000
    93      12.4496    0.00461
    94      12.4966    0.01052
    95      12.5436    0.00000
    96      12.5730    0.06249
    97      12.5878    0.00005
    98      12.6242    0.01475
    99      12.6374    0.00798
   100      12.6878    0.00000
   101      12.6880    0.00540
   102      12.7134    0.00000
   103      12.7268    0.00319
   104      12.7725    0.00000
   105      12.7901    0.00000
   106      12.8973    0.00399
   107      12.9231    0.00622
   108      12.9497    0.01142
   109      12.9587    0.00027
   110      13.0639    0.00869
   111      13.0691    0.00000
   112      13.0940    0.00000
   113      13.1349    0.02130
   114      13.1613    0.01069
   115      13.2267    0.00845
   116      13.2794    0.09202
   117      13.2863    0.04872
   118      13.3581    0.00013
   119      13.3912    0.00000
   120      13.3987    0.12195
   121      13.4117    0.00819
   122      13.4304    0.00062
   123      13.4703    0.10383
   124      13.4783    0.02865
   125      13.5711    0.00000
   126      13.5855    0.07245
   127      13.6186    0.02268
   128      13.6383    0.00000
   129      13.6653    0.02710
   130      13.6857    0.04114
   131      13.6994    0.17771
   132      13.7227    0.00000
   133      13.7492    0.00000
   134      13.8272    0.04191
   135      13.8282    0.00169
   136      13.8695    0.00874
   137      13.8964    0.00869
   138      13.9122    0.00000
   139      13.9639    0.07167
   140      14.0489    0.00015
   141      14.0531    0.00502
   142      14.0796    0.04258
   143      14.1114    0.02116
   144      14.1597    0.00331
   145      14.1608    0.01239
   146      14.2018    0.00289
   147      14.2049    0.00000
   148      14.2082    0.00047
   149      14.2257    0.00000
   150      14.2748    0.11467
   151      14.3237    0.00471
   152      14.3568    0.00100
   153      14.3839    0.00000
   154      14.3957    0.02238
   155      14.4447    0.00000
   156      14.4775    0.02182
   157      14.5211    0.00000
   158      14.5502    0.00453
   159      14.5784    0.03164
   160      14.5918    0.00000
   161      14.6436    0.00054
   162      14.6753    0.00000
   163      14.7028    0.00013
   164      14.7107    0.00398
   165      14.7534    0.00486
   166      14.7584    0.00346
   167      14.7662    0.00000
   168      14.7894    0.04578
   169      14.8112    0.01013
   170      14.8207    0.00126
   171      14.8772    0.00043
   172      14.9503    0.09233
   173      14.9835    0.13537
   174      14.9917    0.00460
   175      15.0370    0.00000
   176      15.0416    0.18503
   177      15.0808    0.00000
   178      15.1020    0.01809
   179      15.1150    0.08448
   180      15.1317    0.00178
   181      15.1320    0.11727
   182      15.1854    0.00138
   183      15.2193    0.04639
   184      15.2701    0.00000
   185      15.2892    0.09687
   186      15.2949    0.00008
   187      15.3020    0.00963
   188      15.3491    0.01753
   189      15.3589    0.02642
   190      15.3685    0.01036
   191      15.4010    0.00245
   192      15.4195    0.00159
   193      15.4475    0.00000
   194      15.4532    0.00000
   195      15.4904    0.02130
   196      15.4931    0.00583
   197      15.5173    0.00529
   198      15.5340    0.00001
   199      15.5426    0.03541
   200      15.5497    0.00000
   201      15.6272    0.00114
   202      15.6382    0.00000
   203      15.6912    0.00013
   204      15.6927    0.14342
   205      15.7014    0.00411
   206      15.7023    0.00000
   207      15.7142    0.09615
   208      15.7885    0.00688
   209      15.7960    0.00763
   210      15.8089    0.01084
   211      15.8398    0.00564
   212      15.9192    0.00335
   213      15.9430    0.00000
   214      15.9515    0.02036
   215      15.9527    0.00221
   216      15.9730    0.00000
   217      16.0260    0.01584
   218      16.0366    0.00000
   219      16.0675    0.01670
   220      16.1153    0.00709
   221      16.1181    0.00124
   222      16.1661    0.00486
   223      16.1969    0.00004
   224      16.2547    0.00260
   225      16.2813    0.00006
   226      16.3061    0.00000
   227      16.3892    0.20797
   228      16.3951    0.02185
   229      16.4685    0.02265
   230      16.5597    0.00000
   231      16.5717    0.01868
   232      16.5817    0.02025
   233      16.5851    0.00000
   234      16.5938    0.14079
   235      16.6235    0.01422
   236      16.6424    0.00959
   237      16.6552    0.00124
   238      16.6641    0.00000
   239      16.7532    0.01705
   240      16.7596    0.06592
   241      16.7632    0.00001
   242      16.7673    0.01542
   243      16.8045    0.00000
   244      16.8141    0.01065
   245      16.8257    0.00283
   246      16.8528    0.01364
   247      16.9258    0.03575
   248      16.9303    0.00000
   249      16.9616    0.00000
   250      16.9653    0.00000
   251      16.9837    0.01762
   252      17.0222    0.22755
   253      17.0339    0.00024
   254      17.0616    0.03962
   255      17.1043    0.00178
   256      17.1340    0.02168
   257      17.1403    0.00028
   258      17.1817    0.01938
   259      17.2027    0.01211
   260      17.2323    0.00027
   261      17.3028    0.03338
   262      17.3458    0.00121
   263      17.3635    0.00445
   264      17.3697    0.04837
   265      17.4444    0.00001
   266      17.4580    0.00000
   267      17.4767    0.00002
   268      17.4952    0.02200
   269      17.5177    0.00001
   270      17.5599    0.03245
   271      17.5650    0.00192
   272      17.6070    0.00579
   273      17.6129    0.01509
   274      17.6445    0.00287
   275      17.6580    0.00000
   276      17.6825    0.00592
   277      17.6843    0.01889
   278      17.7462    0.01438
   279      17.7724    0.04047
   280      17.8070    0.05448
   281      17.8245    0.04072
   282      17.8677    0.00082
   283      17.8680    0.00000
   284      17.8759    0.00146
   285      17.8828    0.01500
   286      17.9082    0.00003
   287      17.9214    0.00000
   288      17.9520    0.00000
   289      17.9697    0.00957
   290      17.9910    0.03353
   291      18.0158    0.00656
   292      18.0169    0.00444
   293      18.0508    0.00000
   294      18.0560    0.16796
   295      18.0745    0.00000
   296      18.0787    0.00005
   297      18.0829    0.00074
   298      18.1442    0.00000
   299      18.1468    0.00005
   300      18.1610    0.11113
   301      18.1904    0.07961
   302      18.2017    0.00000
   303      18.2495    0.00013
   304      18.2622    0.01349
   305      18.3289    0.02806
   306      18.3417    0.00440
   307      18.3635    0.00602
   308      18.3735    0.06142
   309      18.4028    0.03673
   310      18.4058    0.00000
   311      18.4400    0.00308
   312      18.4456    0.00000
   313      18.4866    0.00627
   314      18.5093    0.06217
   315      18.5214    0.01124
   316      18.5399    0.04835
   317      18.5806    0.03088
   318      18.5843    0.00000
   319      18.6160    0.03068
   320      18.6169    0.00000
   321      18.6513    0.16491
   322      18.6833    0.00102
   323      18.6981    0.24960
   324      18.7553    0.00729
   325      18.7580    0.00096
   326      18.8206    0.00042
   327      18.8490    0.00141
   328      18.8660    0.21004
   329      18.8874    0.00000
   330      18.9152    0.00019
   331      18.9284    0.00665
   332      18.9410    0.00000
   333      18.9784    0.06411
   334      19.0083    0.00304
   335      19.0682    0.00332
   336      19.1123    0.00000
   337      19.1302    0.00038
   338      19.1862    0.05670
   339      19.2285    0.00162
   340      19.2322    0.00178
   341      19.2366    0.12968
   342      19.2642    0.00000
   343      19.2937    0.01129
   344      19.3048    0.00151
   345      19.3548    0.03825
   346      19.3782    0.00357
   347      19.4014    0.01573
   348      19.4585    0.01692
   349      19.4712    0.06945
   350      19.5256    0.01206
   351      19.5574    0.06775
   352      19.5933    0.12981
   353      19.6413    0.01794
   354      19.6486    0.00011
   355      19.6820    0.04242
   356      19.6867    0.00009
   357      19.7047    0.00000
   358      19.7105    0.02048
   359      19.7377    0.08741
   360      19.7419    0.00126
   361      19.7469    0.00000
   362      19.7650    0.06348
   363      19.7741    0.16200
   364      19.8091    0.00012
   365      19.8141    0.07445
   366      19.9357    0.13311
   367      19.9417    0.00542
   368      19.9897    0.04018
   369      20.0122    0.00130
   370      20.0211    0.02673
   371      20.0227    0.21675
   372      20.0308    0.02144
   373      20.0552    0.00001
   374      20.0584    0.00000
   375      20.0588    0.00257
   376      20.0702    0.00408
   377      20.0883    0.07437
   378      20.0978    0.00884
   379      20.1384    0.00000
   380      20.1510    0.00010
   381      20.2007    0.10589
   382      20.2088    0.16661
   383      20.2298    0.05528
   384      20.2396    0.00938
   385      20.2548    0.00000
   386      20.3389    0.05082
   387      20.3443    0.00000
   388      20.3746    0.00718
   389      20.4318    0.01528
   390      20.4456    0.00079
   391      20.4527    0.00000
   392      20.4725    0.02905
   393      20.5032    0.00177
   394      20.5476    0.12403
   395      20.5754    0.00042
   396      20.6329    0.00086
   397      20.6637    0.00034
   398      20.6779    0.11409
   399      20.7432    0.00000
   400      20.7746    0.00073
   401      20.7916    0.01905
   402      20.7974    0.00665
   403      20.7984    0.29067
   404      20.8333    0.00000
   405      20.8441    0.04328
   406      20.8621    0.02703
   407      20.8729    0.00000
   408      20.8968    0.03973
   409      20.9593    0.05747
   410      20.9874    0.05866
   411      21.0426    0.03249
   412      21.0643    0.00000
   413      21.0966    0.47558
   414      21.1183    0.01474
   415      21.1599    0.00105
   416      21.1626    0.00529
   417      21.1788    0.06807
   418      21.1867    0.00000
   419      21.2070    0.00814
   420      21.2152    0.00645
   421      21.3036    0.00208
   422      21.3046    0.00105
   423      21.3144    0.00016
   424      21.3270    0.02106
   425      21.3388    0.00000
   426      21.3501    0.03870
   427      21.3616    0.00860
   428      21.3767    0.00000
   429      21.3808    0.00002
   430      21.4293    0.02142
   431      21.4788    0.00000
   432      21.4866    0.05873
   433      21.4977    0.00681
   434      21.5299    0.00049
   435      21.5300    0.08881
   436      21.5432    0.00143
   437      21.5466    0.00000
   438      21.5529    0.06611
   439      21.6011    0.21552
   440      21.6024    0.00052
   441      21.6426    0.13327
   442      21.6665    0.53244
   443      21.6842    0.12360
   444      21.6991    0.00000
   445      21.7272    0.17608
   446      21.7367    0.01740
   447      21.7893    0.04151
   448      21.8203    0.00030
   449      21.8530    0.00398
   450      21.8689    0.00251
   451      21.8744    0.00000
   452      21.9482    0.05905
   453      21.9538    0.00782
   454      22.0042    0.00406
   455      22.0337    0.00000
   456      22.0523    0.00099
   457      22.0864    0.00040
   458      22.1155    0.02373
   459      22.1320    0.00818
   460      22.1442    0.00002
   461      22.1691    0.00000
   462      22.1838    0.00415
   463      22.1923    0.00842
   464      22.2170    0.00206
   465      22.2572    0.01554
   466      22.2665    0.00012
   467      22.3172    0.01682
   468      22.3761    0.00001
   469      22.3880    0.00000
   470      22.4017    0.07230
   471      22.4313    0.00740
   472      22.4588    0.14084
   473      22.4601    0.15669
   474      22.4891    0.01072
   475      22.5113    0.04298
   476      22.5272    0.02601
   477      22.5283    0.00039
   478      22.5345    0.00434
   479      22.5716    0.00008
   480      22.5730    0.00000
   481      22.5889    0.00006
   482      22.6717    0.00330
   483      22.6862    0.08820
   484      22.6870    0.20298
   485      22.7235    0.09002
   486      22.7536    0.02885
   487      22.7607    0.01119
   488      22.7776    0.00000
   489      22.7950    0.14639
   490      22.8055    0.00048
   491      22.8213    0.00125
   492      22.8494    0.00000
   493      22.8504    0.03066
   494      22.8575    0.04114
   495      22.8977    0.02810
   496      22.9203    0.04060
   497      22.9455    0.00121
   498      22.9620    0.02994
   499      22.9767    0.00000
   500      22.9817    0.01853
   501      22.9831    0.02683
   502      23.0230    0.00416
   503      23.0381    0.00013
   504      23.0856    0.01418
   505      23.1019    0.00397
   506      23.1070    0.00903
   507      23.1079    0.00000
   508      23.1301    0.02538
   509      23.1338    0.01912
   510      23.1717    0.01096
   511      23.1739    0.17986
   512      23.1772    0.06453
   513      23.1969    0.00000
   514      23.2100    0.00382
   515      23.2340    0.01698
   516      23.2736    0.06804
   517      23.2956    0.02268
   518      23.3171    0.00906
   519      23.3197    0.02767
   520      23.3301    0.00000
   521      23.3453    0.16395
   522      23.3871    0.00986
   523      23.4237    0.05853
   524      23.4355    0.00648
   525      23.4368    0.00000
   526      23.4973    0.00000
   527      23.5464    0.00638
   528      23.6515    0.02963
   529      23.6806    0.00000
   530      23.7091    0.00020
   531      23.7281    0.00000
   532      23.7296    0.00189
   533      23.8419    0.00034
   534      23.8461    0.02219
   535      23.8530    0.12219
   536      23.8717    0.03917
   537      23.9072    0.00000
   538      23.9308    0.02849
   539      23.9505    0.00417
   540      23.9557    0.01364
   541      23.9683    0.00701
   542      24.0024    0.02341
   543      24.0343    0.00546
   544      24.0391    0.01083
   545      24.0485    0.00000
   546      24.0609    0.03853
   547      24.0654    0.14521
   548      24.0781    0.00058
   549      24.0790    0.00000
   550      24.0926    0.00000
   551      24.1225    0.00038
   552      24.1597    0.07050
   553      24.1631    0.00000
   554      24.1927    0.03545
   555      24.2153    0.00002
   556      24.2226    0.04102
   557      24.2484    0.00011
   558      24.2569    0.00735
   559      24.2830    0.00879
   560      24.3224    0.04167
   561      24.3477    0.00116
   562      24.3495    0.00445
   563      24.4119    0.00000
   564      24.4185    0.00073
   565      24.4593    0.00749
   566      24.5174    0.00000
   567      24.5406    0.02397
   568      24.5519    0.00176
   569      24.5942    0.07093
   570      24.5977    0.01232
   571      24.6097    0.00000
   572      24.6631    0.01011
   573      24.6776    0.00169
   574      24.7124    0.03611
   575      24.7189    0.00326
   576      24.7619    0.00454
   577      24.7892    0.00000
   578      24.8166    0.00404
   579      24.8536    0.00221
   580      24.8540    0.01103
   581      24.8831    0.00061
   582      24.9039    0.00977
   583      24.9283    0.11832
   584      24.9422    0.00164
   585      24.9620    0.00000
   586      25.0049    0.00000
   587      25.0181    0.00644
   588      25.0231    0.01302
   589      25.0456    0.21764
   590      25.1000    0.04734
   591      25.1436    0.05618
   592      25.1546    0.15338
   593      25.1829    0.00000
   594      25.1898    0.02933
   595      25.1982    0.00000
   596      25.1984    0.00730
   597      25.2150    0.00771
   598      25.2941    0.06421
   599      25.3012    0.00000
   600      25.3078    0.17181
   601      25.3096    0.00622
   602      25.3369    0.00000
   603      25.3533    0.04783
   604      25.3669    0.00184
   605      25.3928    0.00000
   606      25.4562    0.02852
   607      25.4624    0.02743
   608      25.4716    0.00028
   609      25.4895    0.01666
   610      25.5313    0.00101
   611      25.5491    0.00233
   612      25.5702    0.08083
   613      25.5857    0.02396
   614      25.6816    0.02343
   615      25.6845    0.02957
   616      25.6889    0.00000
   617      25.7034    0.00000
   618      25.7289    0.26800
   619      25.7743    0.03355
   620      25.8162    0.00000
   621      25.8189    0.00383
   622      25.8282    0.16119
   623      25.8693    0.00327
   624      25.9086    0.00094
   625      25.9089    0.00000
   626      25.9437    0.01620
   627      25.9616    0.02398
   628      25.9910    0.06021
   629      26.0111    0.00216
   630      26.0383    0.10830
   631      26.0417    0.00000
   632      26.0538    0.02084
   633      26.0613    0.02070
   634      26.0878    0.03706
   635      26.1099    0.15222
   636      26.1321    0.01194
   637      26.1412    0.00000
   638      26.1473    0.00247
   639      26.1589    0.00044
   640      26.1852    0.01343
   641      26.2096    0.00419
   642      26.2581    0.04397
   643      26.3009    0.03667
   644      26.3162    0.02941
   645      26.3225    0.00000
   646      26.3392    0.07428
   647      26.3897    0.01500
   648      26.4005    0.11601
   649      26.4218    0.02233
   650      26.4239    0.00287
   651      26.4340    0.00110
   652      26.4563    0.06798
   653      26.4704    0.00027
   654      26.4915    0.00108
   655      26.5121    0.00000
   656      26.5145    0.00134
   657      26.5440    0.00275
   658      26.5729    0.00918
   659      26.6048    0.00122
   660      26.6097    0.00000
   661      26.6159    0.35887
   662      26.6284    0.00334
   663      26.6400    0.00000
   664      26.6485    0.06893
   665      26.6643    0.30409
   666      26.6949    0.00851
   667      26.6974    0.10425
   668      26.7134    0.20348
   669      26.7281    0.00646
   670      26.7802    0.02253
   671      26.8098    0.00000
   672      26.8116    0.00046
   673      26.8201    0.01047
   674      26.8314    0.02977
   675      26.8606    0.00125
   676      26.9038    0.02272
   677      26.9104    0.00000
   678      26.9478    0.00118
   679      26.9928    0.00000
   680      27.0051    0.00001
   681      27.0181    0.00000
   682      27.0535    0.00389
   683      27.0790    0.01330
   684      27.0852    0.00089
   685      27.1282    0.00257
   686      27.1754    0.03700
   687      27.1786    0.01862
   688      27.1967    0.00201
   689      27.2113    0.07535
   690      27.2360    0.00007
   691      27.2467    0.09457
   692      27.2612    0.00000
   693      27.2860    0.00066
   694      27.3014    0.01117
   695      27.3212    0.00431
   696      27.3305    0.01594
   697      27.3376    0.00930
   698      27.3556    0.00091
   699      27.3944    0.01264
   700      27.4142    0.20115
   701      27.4372    0.00000
   702      27.4562    0.00776
   703      27.4802    0.00138
   704      27.5232    0.00018
   705      27.5414    0.19927
   706      27.5729    0.00507
   707      27.5851    0.00310
   708      27.5954    0.00489
   709      27.6471    0.01271
   710      27.6521    0.03003
   711      27.6844    0.00009
   712      27.6980    0.09266
   713      27.6998    0.01789
   714      27.7944    0.00464
   715      27.8043    0.05022
   716      27.8478    0.00009
   717      27.8793    0.00000
   718      27.8855    0.05330
   719      27.8902    0.02767
   720      27.9446    0.00007
   721      27.9537    0.00000
   722      27.9752    0.01357
   723      27.9883    0.00000
   724      28.0267    0.00109
   725      28.0457    0.00000
   726      28.0691    0.31068
   727      28.1320    0.35109
   728      28.1345    0.01972
   729      28.1552    0.03069
   730      28.2002    0.00275
   731      28.2452    0.00273
   732      28.2475    0.00000
   733      28.2597    0.06035
   734      28.2814    0.28481
   735      28.2833    0.02046
   736      28.3016    0.00000
   737      28.3027    0.00002
   738      28.3971    0.07450
   739      28.4062    0.00000
   740      28.4235    0.05127
   741      28.4314    0.00002
   742      28.4382    0.11341
   743      28.4594    0.00040
   744      28.4643    0.00353
   745      28.5255    0.01957
   746      28.5383    0.00000
   747      28.5393    0.04331
   748      28.5675    0.00147
   749      28.5858    0.00591
   750      28.5915    0.00039
   751      28.6132    0.00323
   752      28.6203    0.01419
   753      28.6645    0.00316
   754      28.6812    0.00000
   755      28.6913    0.03381
   756      28.7107    0.00000
   757      28.7203    0.30955
   758      28.7530    0.02353
   759      28.7554    0.00000
   760      28.8177    0.00089
   761      28.8218    0.05939
   762      28.8344    0.00507
   763      28.8355    0.00000
   764      28.8604    0.03793
   765      28.8821    0.01889
   766      28.9070    0.05457
   767      29.0145    0.01764
   768      29.0258    0.00319
   769      29.0476    0.00000
   770      29.0553    0.00193
   771      29.0577    0.00282
   772      29.0800    0.00042
   773      29.1146    0.09695
   774      29.1628    0.00000
   775      29.1722    0.00552
   776      29.1843    0.00078
   777      29.1931    0.00000
   778      29.2098    0.00143
   779      29.2248    0.06078
   780      29.2446    0.12862
   781      29.2951    0.00772
   782      29.2992    0.01203
   783      29.3316    0.00180
   784      29.3352    0.00000
   785      29.3363    0.00041
   786      29.3733    0.02280
   787      29.3819    0.00100
   788      29.3988    0.00017
   789      29.4063    0.00200
   790      29.4201    0.01206
   791      29.4242    0.00302
   792      29.4685    0.00455
   793      29.5016    0.00000
   794      29.5251    0.00000
   795      29.5441    0.01529
   796      29.5468    0.00001
   797      29.5773    0.00100
   798      29.5977    0.00041
   799      29.6042    0.00000
   800      29.6193    0.01290
   801      29.6368    0.00013
   802      29.6590    0.26380
   803      29.6739    0.01119
   804      29.7011    0.03001
   805      29.7272    0.00844
   806      29.7731    0.00113
   807      29.7820    0.00005
   808      29.8692    0.00015
   809      29.8818    0.00496
   810      29.9261    0.00000
   811      29.9330    0.01405
   812      29.9371    0.00606
   813      29.9463    0.00034
   814      29.9741    0.00000
   815      29.9886    0.00290
   816      29.9936    0.00006
   817      30.0177    0.00061
   818      30.0335    0.02636
   819      30.0513    0.00372
   820      30.0697    0.00000
   821      30.0961    0.00285
   822      30.1470    0.00400
   823      30.1564    0.11714
   824      30.1654    0.00697
   825      30.1843    0.00000
   826      30.2161    0.00011
   827      30.2352    0.00763
   828      30.2588    0.00000
   829      30.2806    0.02235
   830      30.3276    0.00000
   831      30.3343    0.01533
   832      30.3404    0.00435
   833      30.3791    0.00884
   834      30.3979    0.04127
   835      30.4000    0.00831
   836      30.4030    0.00000
   837      30.4728    0.00292
   838      30.4931    0.00000
   839      30.5198    0.00324
   840      30.5649    0.00064
   841      30.5767    0.01932
   842      30.5801    0.03398
   843      30.6009    0.10109
   844      30.6540    0.00427
   845      30.6787    0.00000
   846      30.6892    0.00039
   847      30.7047    0.00000
   848      30.7143    0.00001
   849      30.7355    0.01340
   850      30.7360    0.00501
   851      30.7709    0.16511
   852      30.7759    0.00434
   853      30.7993    0.03202
   854      30.8089    0.00000
   855      30.8248    0.00000
   856      30.8253    0.01082
   857      30.8371    0.01854
   858      30.9072    0.07370
   859      30.9392    0.04859
   860      30.9449    0.04038
   861      30.9891    0.01068
   862      30.9977    0.00142
   863      31.0233    0.03497
   864      31.0314    0.00566
   865      31.0691    0.02617
   866      31.0812    0.00270
   867      31.0860    0.03568
   868      31.1059    0.00000
   869      31.1220    0.00527
   870      31.1426    0.00951
   871      31.2285    0.00000
   872      31.2827    0.13217
   873      31.3159    0.00011
   874      31.3484    0.03340
   875      31.3779    0.00169
   876      31.3882    0.00015
   877      31.4054    0.40647
   878      31.4138    0.00000
   879      31.4157    0.21910
   880      31.4376    0.00013
   881      31.4460    0.02985
   882      31.4975    0.02914
   883      31.5071    0.02012
   884      31.5429    0.00055
   885      31.5937    0.00312
   886      31.6029    0.00154
   887      31.6484    0.00333
   888      31.6679    0.00000
   889      31.6758    0.00324
   890      31.7131    0.00053
   891      31.7423    0.04226
   892      31.7502    0.00300
   893      31.7503    0.00164
   894      31.7693    0.01193
   895      31.8068    0.00000
   896      31.8072    0.00234
   897      31.8573    0.00021
   898      31.8692    0.02972
   899      31.9325    0.09672
   900      31.9379    0.27267
   901      31.9483    0.01047
   902      32.0100    0.03184
   903      32.0277    0.00000
   904      32.0403    0.00592
   905      32.0749    0.05419
   906      32.0998    0.00057
   907      32.1036    0.05947
   908      32.1190    0.00666
   909      32.1638    0.00066
   910      32.1837    0.04340
   911      32.1875    0.01087
   912      32.2429    0.00103
   913      32.2465    0.00253
   914      32.2604    0.00000
   915      32.3055    0.02126
   916      32.3184    0.05826
   917      32.3368    0.00079
   918      32.3553    0.00468
   919      32.3613    0.06883
   920      32.3827    0.00002
   921      32.3999    0.00023
   922      32.4075    0.00000
   923      32.4306    0.00518
   924      32.4882    0.00714
   925      32.5173    0.00013
   926      32.5557    0.00064
   927      32.5611    0.00000
   928      32.5706    0.00000
   929      32.5868    0.01267
   930      32.6201    0.00000
   931      32.6217    0.00161
   932      32.6263    0.01371
   933      32.6356    0.00884
   934      32.6607    0.00559
   935      32.7203    0.00152
   936      32.7547    0.01034
   937      32.7753    0.06586
   938      32.7938    0.00196
   939      32.8654    0.00000
   940      32.8823    0.00308
   941      32.9022    0.00730
   942      32.9375    0.02169
   943      32.9734    0.02014
   944      32.9903    0.00000
   945      33.0144    0.00657
   946      33.0418    0.00000
   947      33.0836    0.02475
   948      33.1154    0.12007
   949      33.2075    0.00140
   950      33.2788    0.00526
   951      33.2893    0.01357
   952      33.3382    0.00000
   953      33.3469    0.01664
   954      33.3622    0.00000
   955      33.3789    0.04875
   956      33.4213    0.00025
   957      33.4435    0.03387
   958      33.4521    0.01746
   959      33.4547    0.02473
   960      33.4598    0.00497
   961      33.4726    0.02396
   962      33.4946    0.15897
   963      33.5098    0.04932
   964      33.5282    0.00610
   965      33.5770    0.01419
   966      33.5875    0.00172
   967      33.5916    0.00000
   968      33.6385    0.00083
   969      33.6429    0.01184
   970      33.7030    0.00000
   971      33.7188    0.00000
   972      33.7260    0.00088
   973      33.7271    0.07279
   974      33.7730    0.03624
   975      33.7981    0.02550
   976      33.8018    0.02289
   977      33.8114    0.00141
   978      33.8252    0.03491
   979      33.8522    0.00822
   980      33.8597    0.00000
   981      33.8737    0.00496
   982      33.8739    0.02125
   983      33.9009    0.01591
   984      33.9257    0.00752
   985      33.9495    0.00000
   986      33.9532    0.01237
   987      34.0411    0.00874
   988      34.0435    0.00000
   989      34.0651    0.01763
   990      34.0977    0.00103
   991      34.1390    0.02676
   992      34.1426    0.00053
   993      34.1539    0.00000
   994      34.2093    0.00444
   995      34.2297    0.00055
   996      34.2433    0.00097
   997      34.2438    0.01560
   998      34.2809    0.19977
   999      34.2840    0.00000
  1000      34.2891    0.00473
  1001      34.3106    0.00000
  1002      34.3228    0.02767
  1003      34.3256    0.00076
  1004      34.3947    0.00027
  1005      34.4392    0.00057
  1006      34.4757    0.00149
  1007      34.5191    0.00000
  1008      34.5471    0.00033
  1009      34.6322    0.02474
  1010      34.6461    0.01049
  1011      34.7027    0.04007
  1012      34.7037    0.00005
  1013      34.7574    0.00697
  1014      34.7637    0.00000
  1015      34.7664    0.00207
  1016      34.7868    0.00000
  1017      34.7914    0.00421
  1018      34.8358    0.00290
  1019      34.8483    0.00300
  1020      34.8638    0.00162
  1021      34.9439    0.00661
  1022      34.9642    0.02262
  1023      34.9857    0.07167
  1024      35.0229    0.01416
  1025      35.0528    0.03613
  1026      35.0673    0.00172
  1027      35.0904    0.00000
  1028      35.1095    0.05058
  1029      35.1118    0.00000
  1030      35.1232    0.00029
  1031      35.1391    0.01847
  1032      35.1691    0.00837
  1033      35.1865    0.00293
  1034      35.2129    0.00000
  1035      35.2259    0.00215
  1036      35.2281    0.00328
  1037      35.2797    0.02191
  1038      35.3067    0.00355
  1039      35.3256    0.00173
  1040      35.3266    0.00390
  1041      35.3400    0.01083
  1042      35.3799    0.00026
  1043      35.4020    0.00198
  1044      35.4047    0.04410
  1045      35.4212    0.01319
  1046      35.4583    0.00056
  1047      35.4629    0.00003
  1048      35.4855    0.00000
  1049      35.5105    0.00038
  1050      35.5594    0.03666
  1051      35.5868    0.00105
  1052      35.6395    0.00000
  1053      35.6663    0.00561
  1054      35.6670    0.00011
  1055      35.7177    0.03831
  1056      35.7883    0.00054
  1057      35.7919    0.00041
  1058      35.8858    0.00000
  1059      35.9689    0.00673
  1060      36.0033    0.04127
  1061      36.0154    0.05821
  1062      36.0658    0.00176
  1063      36.1441    0.03943
  1064      36.1925    0.07769
  1065      36.2251    0.01951
  1066      36.2453    0.00000
  1067      36.3299    0.05414
  1068      36.3599    0.00093
  1069      36.3600    0.00156
  1070      36.4187    0.01686
  1071      36.5399    0.00000
  1072      36.5568    0.00016
  1073      36.5952    0.00095
  1074      36.6210    0.00042
  1075      36.6247    0.00000
  1076      36.6700    0.00007
  1077      36.6854    0.00056
  1078      36.7302    0.00160
  1079      36.7534    0.00000
  1080      36.7601    0.00008
  1081      36.8989    0.00296
  1082      36.9187    0.04955
  1083      36.9351    0.00549
  1084      36.9631    0.00383
  1085      36.9750    0.00215
  1086      36.9949    0.07156
  1087      37.0374    0.00000
  1088      37.0380    0.00406
  1089      37.0499    0.02269
  1090      37.0860    0.00106
  1091      37.0953    0.01672
  1092      37.1348    0.00706
  1093      37.2027    0.06512
  1094      37.2939    0.00081
  1095      37.3214    0.00000
  1096      37.3556    0.00000
  1097      37.3855    0.00088
  1098      37.4762    0.00069
  1099      37.4771    0.00424
  1100      37.4824    0.01210
  1101      37.5471    0.00315
  1102      37.5746    0.02696
  1103      37.6166    0.00608
  1104      37.6710    0.00812
  1105      37.7005    0.00000
  1106      37.7378    0.00530
  1107      37.7543    0.00625
  1108      37.7737    0.00000
  1109      37.7769    0.00315
  1110      37.7901    0.00131
  1111      37.8003    0.01308
  1112      37.8251    0.00005
  1113      37.8382    0.02011
  1114      37.8608    0.00147
  1115      37.8834    0.02675
  1116      37.9150    0.00004
  1117      37.9695    0.01380
  1118      37.9735    0.05949
  1119      37.9764    0.00000
  1120      38.0481    0.00351
  1121      38.0627    0.00000
  1122      38.0873    0.00016
  1123      38.1411    0.04294
  1124      38.2201    0.02390
  1125      38.2223    0.00841
  1126      38.2371    0.00007
  1127      38.2506    0.00219
  1128      38.2655    0.00000
  1129      38.3333    0.02284
  1130      38.3462    0.00000
  1131      38.3892    0.00102
  1132      38.4081    0.00803
  1133      38.4258    0.02965
  1134      38.4480    0.00000
  1135      38.4996    0.03280
  1136      38.5451    0.00369
  1137      38.5487    0.00367
  1138      38.5722    0.00000
  1139      38.6264    0.00078
  1140      38.6289    0.01846
  1141      38.6691    0.00146
  1142      38.7308    0.00224
  1143      38.8037    0.00000
  1144      38.8191    0.08009
  1145      38.8678    0.00001
  1146      38.8960    0.00000
  1147      38.9118    0.00005
  1148      38.9512    0.03858
  1149      38.9884    0.00250
  1150      38.9938    0.03962
  1151      39.0914    0.01991
  1152      39.1555    0.00067
  1153      39.1603    0.00041
  1154      39.1670    0.01816
  1155      39.2126    0.00006
  1156      39.2279    0.00997
  1157      39.3394    0.03399
  1158      39.3665    0.00068
  1159      39.3962    0.00000
  1160      39.4093    0.00324
  1161      39.4546    0.00066
  1162      39.4676    0.01583
  1163      39.4902    0.00691
  1164      39.5020    0.00000
  1165      39.5636    0.00014
  1166      39.5702    0.02505
  1167      39.6365    0.01592
  1168      39.6536    0.00000
  1169      39.7999    0.00496
  1170      39.8206    0.06478
  1171      39.8472    0.00000
  1172      39.8523    0.01802
  1173      39.9035    0.00567
  1174      39.9362    0.01041
  1175      39.9873    0.01463
  1176      40.0306    0.00305
  1177      40.0422    0.00000
  1178      40.1054    0.02199
  1179      40.1092    0.00195
  1180      40.2345    0.01547
  1181      40.3058    0.00182
  1182      40.3125    0.01922
  1183      40.3436    0.00551
  1184      40.3499    0.00016
  1185      40.3530    0.01460
  1186      40.4452    0.00323
  1187      40.4817    0.21726
  1188      40.4867    0.00247
  1189      40.5003    0.00000
  1190      40.5363    0.00000
  1191      40.6048    0.00037
  1192      40.6263    0.00397
  1193      40.6781    0.00002
  1194      40.7053    0.00000
  1195      40.7496    0.00006
  1196      40.7679    0.00000
  1197      40.7968    0.03529
  1198      40.8304    0.01539
  1199      40.8727    0.01369
  1200      40.9074    0.00000
  1201      40.9424    0.00550
  1202      40.9799    0.02777
  1203      41.0438    0.01099
  1204      41.0884    0.03550
  1205      41.0886    0.00311
  1206      41.1382    0.03113
  1207      41.1719    0.35510
  1208      41.2866    0.00207
  1209      41.3113    0.00000
  1210      41.3787    0.00904
  1211      41.3994    0.00000
  1212      41.4025    0.00432
  1213      41.4235    0.00312
  1214      41.4864    0.01434
  1215      41.5470    0.00722
  1216      41.5498    0.02459
  1217      41.5597    0.00010
  1218      41.6542    0.01832
  1219      41.7721    0.01320
  1220      41.8253    0.01222
  1221      41.8759    0.00973
  1222      41.9019    0.00000
  1223      41.9964    0.04582
  1224      42.0032    0.03310
  1225      42.0263    0.01265
  1226      42.0283    0.02513
  1227      42.0325    0.00000
  1228      42.0559    0.00959
  1229      42.1308    0.00966
  1230      42.2009    0.00168
  1231      42.2412    0.00000
  1232      42.2542    0.00018
  1233      42.2779    0.00070
  1234      42.2915    0.02992
  1235      42.3444    0.03307
  1236      42.3592    0.00072
  1237      42.3844    0.00000
  1238      42.4182    0.02218
  1239      42.5125    0.02083
  1240      42.5459    0.01852
  1241      42.5618    0.00000
  1242      42.6687    0.02996
  1243      42.6732    0.00372
  1244      42.7330    0.00247
  1245      42.7497    0.00298
  1246      42.7628    0.04536
  1247      42.7954    0.00214
  1248      42.8044    0.00832
  1249      42.8206    0.00000
  1250      42.9020    0.00000
  1251      42.9118    0.00042
  1252      42.9993    0.04355
  1253      43.0165    0.00110
  1254      43.0230    0.00005
  1255      43.0658    0.00000
  1256      43.0744    0.00000
  1257      43.1526    0.01421
  1258      43.2118    0.00000
  1259      43.2352    0.00482
  1260      43.2944    0.00041
  1261      43.4213    0.00547
  1262      43.4444    0.00031
  1263      43.4749    0.00000
  1264      43.5237    0.00237
  1265      43.5642    0.00000
  1266      43.5732    0.00000
  1267      43.5748    0.03414
  1268      43.6252    0.01930
  1269      43.7508    0.00788
  1270      43.7747    0.00022
  1271      43.8057    0.00022
  1272      43.8158    0.00034
  1273      43.8587    0.00000
  1274      43.8837    0.00185
  1275      43.9490    0.04547
  1276      43.9544    0.00000
  1277      43.9621    0.00054
  1278      43.9890    0.07493
  1279      44.0685    0.00204
  1280      44.0891    0.00301
  1281      44.1530    0.03899
  1282      44.2123    0.00524
  1283      44.2442    0.00000
  1284      44.2802    0.06755
  1285      44.3336    0.02497
  1286      44.3608    0.00905
  1287      44.3789    0.02909
  1288      44.4258    0.00039
  1289      44.4480    0.00351
  1290      44.5241    0.01869
  1291      44.5471    0.06260
  1292      44.5784    0.02342
  1293      44.5957    0.00807
  1294      44.6514    0.00037
  1295      44.7115    0.00004
  1296      44.7121    0.00000
  1297      44.7421    0.01589
  1298      44.7744    0.00560
  1299      44.8040    0.00001
  1300      44.8228    0.00064
  1301      44.8735    0.01126
  1302      44.9242    0.00005
  1303      44.9333    0.00000
  1304      45.0027    0.00382
  1305      45.0549    0.04620
  1306      45.0974    0.01052
  1307      45.1029    0.00157
  1308      45.1570    0.00000
  1309      45.2151    0.07145
  1310      45.2833    0.00000
  1311      45.2982    0.00684
  1312      45.3017    0.03917
  1313      45.3180    0.03036
  1314      45.4182    0.03627
  1315      45.5016    0.04189
  1316      45.6129    0.02089
  1317      45.6223    0.00248
  1318      45.6617    0.00000
  1319      45.6730    0.01565
  1320      45.7074    0.07760
  1321      45.7616    0.00003
  1322      45.7798    0.00135
  1323      45.7974    0.00000
  1324      45.8253    0.03220
  1325      45.8561    0.00000
  1326      45.9072    0.07481
  1327      45.9413    0.00000
  1328      46.1026    0.00005
  1329      46.1031    0.00148
  1330      46.1271    0.00174
  1331      46.1918    0.02637
  1332      46.1922    0.05002
  1333      46.2132    0.00245
  1334      46.2464    0.00019
  1335      46.2618    0.00631
  1336      46.3301    0.00000
  1337      46.3458    0.01390
  1338      46.3877    0.00882
  1339      46.3986    0.00001
  1340      46.4126    0.00887
  1341      46.4126    0.00093
  1342      46.5044    0.00139
  1343      46.5391    0.00000
  1344      46.6086    0.02931
  1345      46.6168    0.00235
  1346      46.6439    0.00267
  1347      46.6973    0.00520
  1348      46.7359    0.00231
  1349      46.7929    0.00022
  1350      46.8142    0.00136
  1351      46.8281    0.00000
  1352      46.8639    0.00011
  1353      46.9040    0.00025
  1354      46.9189    0.01469
  1355      46.9552    0.02263
  1356      46.9649    0.00000
  1357      47.0845    0.01137
  1358      47.0975    0.00046
  1359      47.1249    0.00000
  1360      47.1768    0.03147
  1361      47.1873    0.01000
  1362      47.3017    0.00000
  1363      47.3060    0.02318
  1364      47.3228    0.01787
  1365      47.4042    0.04703
  1366      47.4137    0.05270
  1367      47.4692    0.00000
  1368      47.5198    0.00000
  1369      47.5906    0.04389
  1370      47.5966    0.00003
  1371      47.6504    0.00501
  1372      47.6806    0.03130
  1373      47.7723    0.00055
  1374      47.8214    0.00000
  1375      47.8219    0.00825
  1376      47.8852    0.00000
  1377      47.8886    0.00008
  1378      47.8951    0.00092
  1379      47.9218    0.01540
  1380      48.1369    0.00285
  1381      48.1937    0.00257
  1382      48.1982    0.07958
  1383      48.2639    0.00631
  1384      48.2937    0.00161
  1385      48.3483    0.01035
  1386      48.4075    0.00033
  1387      48.4418    0.00000
  1388      48.4981    0.00000
  1389      48.5796    0.00000
  1390      48.5827    0.01703
  1391      48.5889    0.00000
  1392      48.6144    0.01404
  1393      48.6210    0.01772
  1394      48.6942    0.00390
  1395      48.7060    0.00103
  1396      48.7928    0.00000
  1397      48.8032    0.00108
  1398      48.8720    0.01534
  1399      48.9477    0.00101
  1400      48.9708    0.02201
  1401      49.1287    0.00000
  1402      49.1509    0.00185
  1403      49.1646    0.01533
  1404      49.1706    0.00718
  1405      49.1746    0.00000
  1406      49.1984    0.00000
  1407      49.2037    0.00001
  1408      49.2075    0.00178
  1409      49.2741    0.00065
  1410      49.2978    0.00107
  1411      49.3058    0.00046
  1412      49.3572    0.00000
  1413      49.4246    0.01394
  1414      49.4540    0.00087
  1415      49.4557    0.00195
  1416      49.4653    0.00974
  1417      49.4958    0.00042
  1418      49.5435    0.00655
  1419      49.6159    0.00405
  1420      49.6865    0.00000
  1421      49.6933    0.00005
  1422      49.7415    0.00002
  1423      49.7526    0.00000
  1424      49.7654    0.00200
  1425      49.7713    0.11858
  1426      49.8213    0.01483
  1427      49.8892    0.00000
  1428      49.9112    0.01541
  1429      49.9143    0.00006
  1430      49.9683    0.06258
  1431      50.0473    0.00269
  1432      50.0777    0.01049
  1433      50.1931    0.08091
  1434      50.2330    0.15004
  1435      50.2743    0.00596
  1436      50.2920    0.00000
  1437      50.3033    0.00248
  1438      50.3071    0.00130
  1439      50.4760    0.00613
  1440      50.4919    0.00000
  1441      50.4983    0.00646
  1442      50.5620    0.00010
  1443      50.5661    0.00000
  1444      50.5807    0.01122
  1445      50.5816    0.00460
  1446      50.6528    0.00772
  1447      50.6806    0.06558
  1448      50.7376    0.00896
  1449      50.7565    0.00041
  1450      50.7834    0.03321
  1451      50.7916    0.00479
  1452      50.8375    0.00092
  1453      50.8851    0.00150
  1454      50.9075    0.02123
  1455      50.9884    0.01183
  1456      51.0197    0.01396
  1457      51.0889    0.00630
  1458      51.0923    0.00832
  1459      51.1086    0.00000
  1460      51.2726    0.00070
  1461      51.3001    0.02418
  1462      51.3429    0.01289
  1463      51.4020    0.00348
  1464      51.4961    0.00001
  1465      51.5100    0.00051
  1466      51.5521    0.00900
  1467      51.5823    0.02217
  1468      51.6281    0.00335
  1469      51.6585    0.00000
  1470      51.6603    0.00963
  1471      51.6905    0.00083
  1472      51.8193    0.02391
  1473      51.8252    0.03361
  1474      51.8606    0.01069
  1475      51.9789    0.00000
  1476      52.0424    0.01843
  1477      52.0537    0.00082
  1478      52.0976    0.01682
  1479      52.1072    0.00012
  1480      52.1592    0.00000
  1481      52.2351    0.00726
  1482      52.2810    0.00121
  1483      52.2960    0.00000
  1484      52.3259    0.00489
  1485      52.3860    0.00660
  1486      52.4139    0.02563
  1487      52.5102    0.01290
  1488      52.5517    0.00389
  1489      52.5607    0.00000
  1490      52.6043    0.00000
  1491      52.6085    0.00688
  1492      52.6750    0.00458
  1493      52.7565    0.13869
  1494      52.8453    0.01964
  1495      52.8560    0.33728
  1496      52.8928    0.01925
  1497      52.8933    0.00000
  1498      52.9271    0.00000
  1499      52.9607    0.00781
  1500      53.0687    0.00590
  1501      53.0911    0.00000
  1502      53.0948    0.00101
  1503      53.1910    0.03001
  1504      53.3004    0.00113
  1505      53.3501    0.00402
  1506      53.3613    0.01936
  1507      53.4450    0.07296
  1508      53.4552    0.00046
  1509      53.4669    0.00000
  1510      53.4695    0.00049
  1511      53.5353    0.00149
  1512      53.5871    0.00000
  1513      53.6674    0.00470
  1514      53.6766    0.00186
  1515      53.7175    0.01911
  1516      53.7570    0.00215
  1517      53.7797    0.02022
  1518      53.7882    0.00000
  1519      53.8526    0.00304
  1520      53.8838    0.00567
  1521      53.8938    0.09310
  1522      53.9147    0.00735
  1523      53.9386    0.00000
  1524      53.9655    0.00000
  1525      53.9666    0.02178
  1526      54.0027    0.00107
  1527      54.0705    0.00000
  1528      54.0748    0.06829
  1529      54.1025    0.00097
  1530      54.1303    0.00193
  1531      54.1397    0.00850
  1532      54.1493    0.00000
  1533      54.3014    0.00002
  1534      54.3059    0.00000
  1535      54.3696    0.00176
  1536      54.4273    0.09127
  1537      54.4421    0.00000
  1538      54.4802    0.00675
  1539      54.4875    0.00049
  1540      54.5843    0.04007
  1541      54.6435    0.04983
  1542      54.6749    0.00652
  1543      54.7218    0.00167
  1544      54.7520    0.00987
  1545      54.8253    0.26058
  1546      54.8576    0.00000
  1547      54.8880    0.00000
  1548      54.8900    0.00329
  1549      54.9602    0.00000
  1550      54.9897    0.00159
  1551      55.0054    0.00263
  1552      55.0296    0.00000
  1553      55.1027    0.00310
  1554      55.1623    0.00000
  1555      55.2372    0.02176
  1556      55.2749    0.02239
  1557      55.3255    0.02954
  1558      55.3912    0.01227
  1559      55.5022    0.00000
  1560      55.5130    0.12344
  1561      55.6475    0.00050
  1562      55.6781    0.02870
  1563      55.6866    0.00920
  1564      55.7587    0.01220
  1565      55.7718    0.00971
  1566      55.8145    0.01371
  1567      55.8255    0.00000
  1568      55.9433    0.07846
  1569      55.9606    0.08187
  1570      55.9856    0.00479
  1571      56.1008    0.17999
  1572      56.1039    0.00181
  1573      56.1886    0.04316
  1574      56.2548    0.00038
  1575      56.3033    0.00682
  1576      56.3600    0.00902
  1577      56.3902    0.00000
  1578      56.4799    0.00784
  1579      56.4949    0.00103
  1580      56.5259    0.03266
  1581      56.5935    0.02569
  1582      56.6151    0.00632
  1583      56.6910    0.00615
  1584      56.7280    0.04124
  1585      56.8140    0.00000
  1586      56.8662    0.00000
  1587      56.8731    0.00335
  1588      56.8851    0.00623
  1589      56.9463    0.00059
  1590      56.9933    0.02473
  1591      56.9948    0.00000
  1592      57.0178    0.01309
  1593      57.0524    0.00000
  1594      57.0925    0.01318
  1595      57.0935    0.00745
  1596      57.1319    0.00000
  1597      57.2175    0.07542
  1598      57.2354    0.00049
  1599      57.2453    0.00000
  1600      57.2534    0.00023
  1601      57.3071    0.00000
  1602      57.3676    0.00000
  1603      57.4321    0.00000
  1604      57.4827    0.01651
  1605      57.5724    0.04280
  1606      57.5928    0.01402
  1607      57.6406    0.00005
  1608      57.6896    0.00000
  1609      57.7132    0.01319
  1610      57.7268    0.01021
  1611      57.7963    0.00474
  1612      57.8482    0.00000
  1613      57.8822    0.00057
  1614      57.8893    0.02760
  1615      57.9094    0.00002
  1616      58.0999    0.00026
  1617      58.1528    0.03245
  1618      58.2122    0.03821
  1619      58.2274    0.00454
  1620      58.2420    0.00013
  1621      58.2500    0.00000
  1622      58.2976    0.01441
  1623      58.3490    0.01795
  1624      58.3554    0.00356
  1625      58.4393    0.14829
  1626      58.4489    0.00069
  1627      58.5258    0.00026
  1628      58.5683    0.01310
  1629      58.6198    0.00275
  1630      58.6368    0.00002
  1631      58.7237    0.00644
  1632      58.8008    0.00724
  1633      58.8639    0.00390
  1634      58.9226    0.10012
  1635      58.9603    0.02802
  1636      59.0933    0.00000
  1637      59.2423    0.03027
  1638      59.2449    0.00000
  1639      59.3115    0.00145
  1640      59.3208    0.00000
  1641      59.4214    0.00206
  1642      59.4300    0.02571
  1643      59.5271    0.00020
  1644      59.5762    0.01364
  1645      59.6060    0.00000
  1646      59.6382    0.01094
  1647      59.6441    0.00807
  1648      59.6500    0.01336
  1649      59.7206    0.00391
  1650      59.7873    0.01090
  1651      59.8634    0.00532
  1652      59.8944    0.00000
  1653      59.9413    0.01323
  1654      59.9677    0.03310
  1655      60.0131    0.00006
  1656      60.0408    0.00000
  1657      60.0806    0.00000
  1658      60.0938    0.01400
  1659      60.1576    0.04982
  1660      60.1739    0.00030
  1661      60.1898    0.00019
  1662      60.2924    0.02953
  1663      60.3377    0.00011
  1664      60.3732    0.02175
  1665      60.4085    0.00059
  1666      60.4216    0.01332
  1667      60.5136    0.04892
  1668      60.5337    0.08680
  1669      60.5626    0.00000
  1670      60.5674    0.00025
  1671      60.6835    0.00001
  1672      60.6915    0.05246
  1673      60.7522    0.00000
  1674      60.8199    0.00345
  1675      60.9051    0.01174
  1676      60.9213    0.00000
  1677      60.9317    0.02366
  1678      60.9642    0.01160
  1679      60.9788    0.01443
  1680      60.9922    0.01054
  1681      60.9990    0.00000
  1682      61.0283    0.00001
  1683      61.0816    0.08589
  1684      61.1505    0.00386
  1685      61.1552    0.01285
  1686      61.1563    0.00036
  1687      61.1997    0.03647
  1688      61.2875    0.00005
  1689      61.3583    0.00248
  1690      61.3672    0.00032
  1691      61.4441    0.00000
  1692      61.4655    0.00000
  1693      61.4976    0.02190
  1694      61.5077    0.00017
  1695      61.6171    0.02515
  1696      61.6681    0.00199
  1697      61.8041    0.01809
  1698      61.8060    0.00588
  1699      61.8235    0.00379
  1700      61.8375    0.00000
  1701      61.9024    0.01326
  1702      61.9467    0.01373
  1703      61.9964    0.03007
  1704      62.1401    0.00000
  1705      62.1502    0.00007
  1706      62.1973    0.00511
  1707      62.2036    0.00000
  1708      62.2050    0.00712
  1709      62.2423    0.01606
  1710      62.2637    0.00429
  1711      62.3017    0.00004
  1712      62.3376    0.00155
  1713      62.3736    0.01603
  1714      62.4948    0.07742
  1715      62.5204    0.00068
  1716      62.5659    0.00000
  1717      62.7167    0.00000
  1718      62.7248    0.00562
  1719      62.7845    0.00000
  1720      62.7860    0.00000
  1721      62.7870    0.03980
  1722      62.7898    0.07962
  1723      62.9008    0.00492
  1724      62.9694    0.01435
  1725      63.0296    0.00046
  1726      63.1388    0.02558
  1727      63.1916    0.00780
  1728      63.2033    0.00002
  1729      63.2351    0.00797
  1730      63.3135    0.00338
  1731      63.3588    0.00000
  1732      63.3924    0.00017
  1733      63.4288    0.00001
  1734      63.4332    0.00257
  1735      63.4625    0.00000
  1736      63.5406    0.00900
  1737      63.5894    0.00783
  1738      63.6061    0.00126
  1739      63.7008    0.00014
  1740      63.7516    0.00017
  1741      63.7925    0.00000
  1742      63.8208    0.00000
  1743      63.8228    0.00450
  1744      63.9615    0.02311
  1745      63.9968    0.00013
  1746      64.0753    0.00680
  1747      64.0791    0.03107
  1748      64.1147    0.00000
  1749      64.1376    0.11811
  1750      64.1780    0.00662
  1751      64.2756    0.00000
  1752      64.2943    0.00013
  1753      64.3125    0.00380
  1754      64.4085    0.00101
  1755      64.4708    0.00572
  1756      64.4921    0.04419
  1757      64.4947    0.00000
  1758      64.5886    0.00000
  1759      64.6684    0.01005
  1760      64.7154    0.04118
  1761      64.7953    0.00008
  1762      64.8148    0.00000
  1763      64.8533    0.01088
  1764      64.9367    0.00018
  1765      65.0179    0.00558
  1766      65.0205    0.01199
  1767      65.1186    0.02515
  1768      65.1555    0.00997
  1769      65.1697    0.00187
  1770      65.2300    0.00002
  1771      65.3364    0.00024
  1772      65.3603    0.00156
  1773      65.3949    0.00043
  1774      65.4029    0.03104
  1775      65.4835    0.00071
  1776      65.5300    0.03218
  1777      65.5588    0.00000
  1778      65.6031    0.01071
  1779      65.6079    0.00484
  1780      65.6086    0.00000
  1781      65.6093    0.05884
  1782      65.6720    0.00374
  1783      65.7855    0.00165
  1784      65.8793    0.01400
  1785      65.9083    0.00000
  1786      65.9222    0.00267
  1787      65.9559    0.00002
  1788      66.0163    0.00000
  1789      66.0864    0.00547
  1790      66.1100    0.00240
  1791      66.1559    0.00000
  1792      66.1744    0.00100
  1793      66.1900    0.05983
  1794      66.2448    0.00092
  1795      66.3247    0.00137
  1796      66.3956    0.00033
  1797      66.4006    0.00000
  1798      66.4199    0.04707
  1799      66.4495    0.00327
  1800      66.5136    0.00000
  1801      66.6464    0.00968
  1802      66.7017    0.00072
  1803      66.7241    0.01492
  1804      66.7602    0.02832
  1805      66.8276    0.00118
  1806      66.8590    0.00255
  1807      66.9017    0.02039
  1808      66.9397    0.00000
  1809      66.9961    0.00489
  1810      67.1285    0.00014
  1811      67.1467    0.00000
  1812      67.1725    0.00239
  1813      67.3249    0.00031
  1814      67.3698    0.00000
  1815      67.4094    0.11616
  1816      67.4157    0.00000
  1817      67.4751    0.00089
  1818      67.5201    0.00020
  1819      67.6009    0.00015
  1820      67.6032    0.00294
  1821      67.6406    0.05367
  1822      67.6652    0.00000
  1823      67.7052    0.01278
  1824      67.7925    0.00290
  1825      67.8310    0.02800
  1826      67.8531    0.01189
  1827      67.9586    0.02087
  1828      68.0350    0.02899
  1829      68.0973    0.00441
  1830      68.1381    0.02233
  1831      68.1586    0.00000
  1832      68.1622    0.00081
  1833      68.2972    0.00097
  1834      68.3092    0.00000
  1835      68.3178    0.00016
  1836      68.4206    0.00679
  1837      68.4728    0.00113
  1838      68.4837    0.00000
  1839      68.6165    0.00178
  1840      68.6914    0.00016
  1841      68.7836    0.01426
  1842      68.7976    0.01847
  1843      68.8635    0.00000
  1844      68.9199    0.00131
  1845      68.9372    0.00000
  1846      68.9728    0.00032
  1847      69.0512    0.01046
  1848      69.0928    0.00000
  1849      69.1261    0.00000
  1850      69.1363    0.01728
  1851      69.2297    0.00000
  1852      69.3009    0.00123
  1853      69.3164    0.01693
  1854      69.4062    0.00136
  1855      69.4070    0.00143
  1856      69.5330    0.00414
  1857      69.6292    0.00000
  1858      69.7340    0.00345
  1859      69.7853    0.01787
  1860      69.8573    0.02029
  1861      70.0360    0.00725
  1862      70.0516    0.00536
  1863      70.0951    0.00007
  1864      70.1559    0.00201
  1865      70.1966    0.01008
  1866      70.2180    0.00151
  1867      70.3110    0.00084
  1868      70.3862    0.00000
  1869      70.4035    0.00003
  1870      70.5087    0.00388
  1871      70.5215    0.00003
  1872      70.5377    0.00000
  1873      70.5762    0.00947
  1874      70.7171    0.00107
  1875      70.7829    0.00000
  1876      70.7964    0.00094
  1877      70.8765    0.00240
  1878      70.8774    0.00016
  1879      70.9112    0.00000
  1880      71.0607    0.01231
  1881      71.0695    0.00000
  1882      71.0844    0.03377
  1883      71.1802    0.00141
  1884      71.1829    0.00192
  1885      71.2270    0.00005
  1886      71.2908    0.00001
  1887      71.4030    0.02536
  1888      71.5331    0.00051
  1889      71.5611    0.00148
  1890      71.5766    0.00102
  1891      71.6889    0.00235
  1892      71.7151    0.00116
  1893      71.7750    0.00654
  1894      71.9384    0.00017
  1895      72.0457    0.00043
  1896      72.0828    0.00598
  1897      72.1602    0.00323
  1898      72.1979    0.02751
  1899      72.3024    0.00000
  1900      72.3148    0.00429
  1901      72.4033    0.00000
  1902      72.4065    0.00358
  1903      72.4887    0.00000
  1904      72.5943    0.11692
  1905      72.6714    0.00202
  1906      72.7395    0.03944
  1907      72.7835    0.00409
  1908      72.8177    0.00115
  1909      72.8677    0.00517
  1910      72.9191    0.02722
  1911      72.9811    0.00000
  1912      73.0466    0.00146
  1913      73.1161    0.00000
  1914      73.1257    0.00009
  1915      73.1526    0.00362
  1916      73.1838    0.01140
  1917      73.2189    0.00058
  1918      73.2398    0.00000
  1919      73.2903    0.03395
  1920      73.3532    0.00466
  1921      73.3910    0.01243
  1922      73.4221    0.24047
  1923      73.4612    0.01461
  1924      73.5789    0.01066
  1925      73.6288    0.00013
  1926      73.6300    0.00000
  1927      73.6657    0.00015
  1928      73.7182    0.02601
  1929      73.8324    0.00003
  1930      73.9129    0.01649
  1931      73.9825    0.00000
  1932      74.0035    0.01592
  1933      74.0252    0.00394
  1934      74.0446    0.03242
  1935      74.2190    0.00070
  1936      74.3409    0.00482
  1937      74.4787    0.00000
  1938      74.6420    0.00329
  1939      74.6575    0.00071
  1940      74.6586    0.00000
  1941      74.7400    0.00007
  1942      74.7938    0.03986
  1943      74.8270    0.05214
  1944      74.8973    0.00074
  1945      74.9113    0.00002
  1946      74.9660    0.00087
  1947      74.9783    0.00635
  1948      75.1127    0.01557
  1949      75.1924    0.00421
  1950      75.2152    0.01322
  1951      75.3715    0.00774
  1952      75.3958    0.00090
  1953      75.5309    0.00000
  1954      75.6394    0.00000
  1955      75.6641    0.00000
  1956      75.7828    0.00081
  1957      75.8690    0.00342
  1958      76.0790    0.00466
  1959      76.0829    0.00192
  1960      76.2172    0.00831
  1961      76.2743    0.02091
  1962      76.3511    0.00000
  1963      76.5126    0.00000
  1964      76.5345    0.00111
  1965      76.6571    0.00026
  1966      76.8696    0.00000
  1967      76.9507    0.03582
  1968      76.9831    0.00072
  1969      76.9955    0.00930
  1970      77.0574    0.00315
  1971      77.0948    0.00000
  1972      77.1260    0.00619
  1973      77.2036    0.04169
  1974      77.2378    0.01943
  1975      77.2655    0.02882
  1976      77.2964    0.00017
  1977      77.4188    0.00271
  1978      77.4652    0.00027
  1979      77.4669    0.00000
  1980      77.6017    0.00379
  1981      77.7537    0.00061
  1982      77.7866    0.03379
  1983      77.8555    0.00058
  1984      77.8767    0.00514
  1985      78.0005    0.00066
  1986      78.1598    0.00000
  1987      78.3729    0.00023
  1988      78.4058    0.00047
  1989      78.4380    0.00091
  1990      78.5198    0.00011
  1991      78.6287    0.00000
  1992      78.7186    0.00121
  1993      78.8236    0.00004
  1994      78.9091    0.00820
  1995      78.9372    0.05934
  1996      79.0062    0.00048
  1997      79.0856    0.00211
  1998      79.0914    0.00159
  1999      79.1602    0.00033
  2000      79.1792    0.00000
  2001      79.2005    0.01658
  2002      79.2525    0.04749
  2003      79.3104    0.00052
  2004      79.3821    0.00025
  2005      79.4480    0.00533
  2006      79.4640    0.00000
  2007      79.5620    0.00730
  2008      79.6030    0.00000
  2009      79.6718    0.00008
  2010      79.7525    0.00752
  2011      79.8155    0.00079
  2012      79.8588    0.02766
  2013      79.8973    0.00000
  2014      79.9534    0.00284
  2015      79.9593    0.00830
  2016      80.0106    0.00553
  2017      80.0938    0.00027
  2018      80.2102    0.05776
  2019      80.2369    0.00000
  2020      80.2510    0.00082
  2021      80.2619    0.02184
  2022      80.3197    0.00000
  2023      80.4740    0.00006
  2024      80.5835    0.00001
  2025      80.6686    0.01165
  2026      80.6845    0.00002
  2027      80.8808    0.02342
  2028      80.9436    0.00099
  2029      81.0064    0.00262
  2030      81.0472    0.00039
  2031      81.1807    0.00019
  2032      81.1987    0.03435
  2033      81.3118    0.01062
  2034      81.4151    0.00000
  2035      81.4663    0.02477
  2036      81.5518    0.00001
  2037      81.7521    0.00057
  2038      81.8557    0.00780
  2039      82.0173    0.01300
  2040      82.0779    0.00000
  2041      82.1325    0.00370
  2042      82.2000    0.00089
  2043      82.3613    0.00264
  2044      82.7252    0.00023
  2045      82.7812    0.00212
  2046      82.7980    0.00398
  2047      82.8972    0.00279
  2048      83.0235    0.01811
  2049      83.0594    0.00011
  2050      83.0818    0.00822
  2051      83.1155    0.01365
  2052      83.4906    0.00211
  2053      83.5105    0.03168
  2054      83.6898    0.00076
  2055      83.7322    0.00000
  2056      83.8379    0.00100
  2057      83.8665    0.00000
  2058      83.8941    0.00165
  2059      84.0374    0.00821
  2060      84.0547    0.00005
  2061      84.0891    0.00000
  2062      84.1116    0.00179
  2063      84.1707    0.00300
  2064      84.2038    0.01557
  2065      84.3516    0.00113
  2066      84.3723    0.00294
  2067      84.4580    0.00089
  2068      84.5330    0.01458
  2069      84.6497    0.00185
  2070      84.6836    0.04609
  2071      84.8112    0.10360
  2072      85.2517    0.00064
  2073      85.2732    0.00490
  2074      85.3397    0.00000
  2075      85.5741    0.01185
  2076      85.8159    0.00000
  2077      85.8940    0.00366
  2078      85.8984    0.00072
  2079      86.1729    0.00024
  2080      86.2569    0.00027
  2081      86.4146    0.00042
  2082      86.5108    0.00022
  2083      86.5637    0.00067
  2084      86.7123    0.02830
  2085      86.7330    0.00026
  2086      86.8421    0.00091
  2087      86.8699    0.00000
  2088      86.8773    0.00048
  2089      86.9876    0.00755
  2090      87.1188    0.00345
  2091      87.1565    0.00737
  2092      87.2012    0.00016
  2093      87.2577    0.00045
  2094      87.5062    0.00073
  2095      87.6202    0.02536
  2096      87.6888    0.00000
  2097      87.7044    0.06302
  2098      87.8450    0.00253
  2099      87.8922    0.00000
  2100      87.9662    0.00099
  2101      88.0427    0.00460
  2102      88.0676    0.00489
  2103      88.5969    0.00000
  2104      88.8845    0.00084
  2105      88.9997    0.00119
  2106      89.5427    0.00076
  2107      89.6489    0.00476
  2108      89.8415    0.00000
  2109      89.9415    0.00035
  2110      90.0467    0.00100
  2111      90.0795    0.00991
  2112      90.3067    0.00179
  2113      90.3365    0.00688
  2114      90.5903    0.00000
  2115      90.6235    0.00008
  2116      90.6473    0.00578
  2117      90.8229    0.00139
  2118      90.8262    0.00275
  2119      90.8610    0.00000
  2120      90.8617    0.00406
  2121      90.9106    0.00047
  2122      90.9439    0.00399
  2123      91.0470    0.00266
  2124      91.1306    0.00000
  2125      91.1833    0.00030
  2126      91.3923    0.01324
  2127      91.6156    0.00267
  2128      91.6926    0.01815
  2129      91.7052    0.00147
  2130      91.8552    0.00000
  2131      92.0835    0.13259
  2132      92.4095    0.00000
  2133      92.4138    0.00509
  2134      92.4702    0.00002
  2135      92.8937    0.00757
  2136      93.1342    0.00000
  2137      93.2614    0.00039
  2138      93.4637    0.00435
  2139      93.5123    0.00587
  2140      93.5845    0.00000
  2141      93.6613    0.00359
  2142      93.7325    0.00014
  2143      93.8772    0.03321
  2144      94.2316    0.00000
  2145      94.3136    0.03941
  2146      94.4079    0.00000
  2147      94.4581    0.01125
  2148      94.6025    0.00000
  2149      94.6260    0.00112
  2150      94.7470    0.00213
  2151      94.8107    0.00385
  2152      94.8786    0.00709
  2153      95.0080    0.01719
  2154      95.1988    0.00000
  2155      95.1997    0.00976
  2156      95.3040    0.04525
  2157      95.3210    0.00000
  2158      95.4058    0.00076
  2159      95.6575    0.00084
  2160      95.6790    0.00292
  2161      95.6954    0.02883
  2162      95.7236    0.00055
  2163      95.8314    0.01200
  2164      96.0453    0.00783
  2165      96.2244    0.00000
  2166      96.2827    0.02803
  2167      96.4382    0.00183
  2168      96.5878    0.00983
  2169      96.6163    0.00000
  2170      96.8376    0.00004
  2171      96.9754    0.00319
  2172      97.1517    0.00350
  2173      97.2348    0.00031
  2174      97.2614    0.01122
  2175      97.3786    0.01151
  2176      97.4323    0.00000
  2177      97.8789    0.00000
  2178      97.8860    0.00364
  2179      98.1882    0.00980
  2180      98.2567    0.00893
  2181      98.3899    0.00394
  2182      98.4159    0.00000
  2183      98.5408    0.00037
  2184      98.5703    0.00009
  2185      98.5981    0.00000
  2186      98.6359    0.01026
  2187      99.0144    0.00038
  2188      99.0412    0.00004
  2189      99.0650    0.01980
  2190      99.1074    0.01123
  2191      99.1529    0.01092
  2192      99.2568    0.00411
  2193      99.4046    0.00020
  2194      99.5120    0.01277
  2195      99.6671    0.00363
  2196      99.8092    0.00005
  2197      99.8189    0.00000
  2198      99.9373    0.00128
  2199     100.1065    0.00677
  2200     100.1482    0.00000
  2201     100.4594    0.02324
  2202     100.6936    0.00008
  2203     100.9162    0.00037
  2204     101.0615    0.00034
  2205     101.4813    0.00558
  2206     101.6123    0.00000
  2207     101.6685    0.00103
  2208     101.6728    0.00515
  2209     101.7593    0.00034
  2210     101.7697    0.00558
  2211     101.9096    0.00701
  2212     102.1778    0.00967
  2213     102.3468    0.00007
  2214     102.4739    0.00000
  2215     102.6664    0.00068
  2216     102.7466    0.01192
  2217     102.8193    0.00721
  2218     102.8671    0.00108
  2219     102.9324    0.00005
  2220     102.9764    0.00190
  2221     103.0640    0.00042
  2222     103.0811    0.00126
  2223     103.2284    0.00853
  2224     103.5921    0.00772
  2225     103.6797    0.00000
  2226     103.9669    0.00044
  2227     104.2004    0.01475
  2228     104.2100    0.00171
  2229     104.4449    0.00561
  2230     104.5476    0.00100
  2231     104.5833    0.00206
  2232     104.6926    0.00027
  2233     105.3633    0.00396
  2234     105.6481    0.00859
  2235     105.7740    0.00003
  2236     105.8315    0.00324
  2237     106.1219    0.00004
  2238     106.2242    0.00000
  2239     106.2746    0.00031
  2240     106.6024    0.00086
  2241     106.8096    0.00419
  2242     106.9559    0.00040
  2243     107.0850    0.00000
  2244     107.2780    0.00565
  2245     107.3594    0.00013
  2246     107.5783    0.00086
  2247     107.6680    0.00108
  2248     107.8154    0.00079
  2249     107.8506    0.01808
  2250     108.4002    0.01102
  2251     108.9437    0.00085
  2252     109.0695    0.00094
  2253     109.1271    0.00160
  2254     109.5024    0.00435
  2255     109.9703    0.00339
  2256     110.0117    0.00818
  2257     110.4484    0.00043
  2258     110.6860    0.00008
  2259     110.8425    0.00238
  2260     111.0861    0.00724
  2261     111.3925    0.00072
  2262     111.8209    0.00005
  2263     111.8516    0.00037
  2264     112.2213    0.00034
  2265     112.6479    0.00035
  2266     113.0673    0.00184
  2267     113.5609    0.02288
  2268     114.4604    0.00134
  2269     114.6818    0.00051
  2270     114.7714    0.00130
  2271     114.8785    0.00004
  2272     115.2737    0.00150
  2273     115.5187    0.00028
  2274     115.5877    0.00244
  2275     115.8612    0.00430
  2276     116.4868    0.00458
  2277     116.5496    0.00000
  2278     116.7665    0.00046
  2279     117.1273    0.00654
  2280     118.1205    0.00248
  2281     118.5121    0.00001
  2282     119.4367    0.00019
  2283     119.8754    0.00102
  2284     120.2211    0.00086
  2285     120.3911    0.00311
  2286     120.8307    0.00579
  2287     121.7889    0.00120
  2288     122.5776    0.00024
  2289     123.4279    0.00055
  2290     124.1502    0.00030
  2291     127.2507    0.00038
  2292     127.2856    0.00009
  2293     130.9240    0.00204
  2294     133.7775    0.00001
  2295     136.4554    0.00034
  2296     295.2074    0.05038
  2297     295.4488    0.00000
  2298     295.9378    0.13077
  2299     295.9420    0.00003
  2300     297.0297    0.07362
  2301     297.3265    0.00810
  2302     298.3378    0.00000
  2303     298.3462    0.00245
  2304     298.4897    0.00000
  2305     298.5153    0.00009
  2306     298.5444    0.00430
  2307     298.5911    0.00394
  2308     299.2815    0.00058
  2309     299.3879    0.00129
  2310     299.4938    0.01236
  2311     299.5021    0.00428
  2312     299.7167    0.00008
  2313     299.8443    0.00292
  2314     299.8788    0.00000
  2315     300.0260    0.00794
  2316     300.5035    0.00139
  2317     300.5046    0.00586
  2318     300.5384    0.00758
  2319     300.6012    0.00000
  2320     300.6113    0.00662
  2321     300.6511    0.00051
  2322     300.6811    0.00016
  2323     300.7328    0.00052
  2324     300.7443    0.00000
  2325     301.0156    0.01334
  2326     301.1191    0.00066
  2327     301.1524    0.00408
  2328     301.2741    0.00030
  2329     301.2935    0.00388
  2330     301.3002    0.00074
  2331     301.3227    0.00000
  2332     301.3945    0.00122
  2333     301.4103    0.00023
  2334     301.4218    0.00060
  2335     301.6239    0.00013
  2336     301.6441    0.00167
  2337     301.6891    0.01587
  2338     301.6930    0.00000
  2339     301.7400    0.00000
  2340     301.7489    0.00004
  2341     301.8410    0.00028
  2342     301.8906    0.00103
  2343     301.8961    0.00065
  2344     302.1171    0.00000
  2345     302.1254    0.00000
  2346     302.2076    0.01218
  2347     302.2137    0.00522
  2348     302.2951    0.00001
  2349     302.3671    0.00066
  2350     302.6436    0.00610
  2351     302.6815    0.00006
  2352     302.6860    0.00018
  2353     302.7792    0.00347
  2354     302.8284    0.00186
  2355     302.8319    0.00047
  2356     302.8656    0.01000
  2357     302.9266    0.00000
  2358     303.0111    0.00112
  2359     303.0151    0.00012
  2360     303.0598    0.00000
  2361     303.1173    0.00000
  2362     303.1287    0.00855
  2363     303.1729    0.01186
  2364     303.2288    0.00066
  2365     303.2647    0.00002
  2366     303.3115    0.01098
  2367     303.3563    0.00247
  2368     303.3609    0.00068
  2369     303.3679    0.00000
  2370     303.3789    0.00455
  2371     303.4466    0.00034
  2372     303.5015    0.00002
  2373     303.5558    0.00035
  2374     303.7258    0.00237
  2375     303.7305    0.00002
  2376     303.7821    0.00214
  2377     303.7908    0.00336
  2378     303.8815    0.00149
  2379     303.9714    0.00008
  2380     303.9800    0.00001
  2381     303.9864    0.00098
  2382     303.9892    0.00025
  2383     304.1593    0.00000
  2384     304.3391    0.00042
  2385     304.4082    0.00010
  2386     304.4927    0.00011
  2387     304.5197    0.00068
  2388     304.5673    0.00027
  2389     304.6086    0.00041
  2390     304.6220    0.00647
  2391     304.6965    0.00567
  2392     304.7046    0.00270
  2393     304.8554    0.00000
  2394     304.8659    0.00000
  2395     305.0198    0.00212
  2396     305.0204    0.00727
  2397     305.0560    0.00896
  2398     305.0661    0.00447
  2399     305.0932    0.00047
  2400     305.2378    0.00289
  2401     305.3611    0.00000
  2402     305.4806    0.00540
  2403     305.5262    0.00152
  2404     305.5271    0.00100
  2405     305.5728    0.00026
  2406     305.5948    0.00000
  2407     305.6057    0.00487
  2408     305.7496    0.00000
  2409     305.9818    0.00000
  2410     305.9827    0.02224
  2411     305.9931    0.00012
  2412     306.0315    0.00359
  2413     306.0474    0.01101
  2414     306.0581    0.01590
  2415     306.0639    0.00577
  2416     306.1134    0.00136
  2417     306.2198    0.00442
  2418     306.2214    0.00257
  2419     306.2282    0.01021
  2420     306.5211    0.00265
  2421     306.5281    0.00957
  2422     306.5366    0.01451
  2423     306.5426    0.01692
  2424     306.6446    0.00243
  2425     306.6457    0.00172
  2426     306.7855    0.00485
  2427     306.7921    0.00937
  2428     306.8290    0.01700
  2429     306.8576    0.00013
  2430     307.0468    0.00000
  2431     307.1294    0.00470
  2432     307.1363    0.00512
  2433     307.1409    0.00647
  2434     307.1738    0.00004
  2435     307.1817    0.01013
  2436     307.3160    0.00412
  2437     307.4042    0.00653
  2438     307.4061    0.00492
  2439     307.5413    0.00297
  2440     307.6115    0.00292
  2441     307.6295    0.00034
  2442     307.8290    0.00281
  2443     307.8510    0.02592
  2444     307.9247    0.00794
  2445     307.9271    0.00492
  2446     307.9359    0.01028
  2447     308.2449    0.00312
  2448     308.3381    0.00199
  2449     308.3447    0.00053
  2450     308.4969    0.00000
  2451     308.5092    0.02780
  2452     308.5148    0.00000
  2453     308.7208    0.00235
  2454     308.9837    0.01518
  2455     308.9891    0.00186
  2456     309.0035    0.00122
  2457     309.0110    0.00982
  2458     309.1068    0.01003
  2459     309.2268    0.00215
  2460     309.2612    0.00486
  2461     309.2666    0.00405
  2462     309.4021    0.00108
  2463     309.4247    0.00000
  2464     309.4369    0.00030
  2465     309.5771    0.00218
  2466     309.6345    0.00660
  2467     309.6815    0.00072
  2468     309.7524    0.00986
  2469     310.1335    0.00284
  2470     310.1339    0.00023
  2471     310.2679    0.01420
  2472     310.2772    0.00340
  2473     310.3190    0.00555
  2474     310.3618    0.00000
  2475     310.4225    0.00000
  2476     310.4268    0.01048
  2477     310.5033    0.00141
  2478     310.5836    0.00009
  2479     310.6413    0.00055
  2480     310.6494    0.00000
  2481     311.1851    0.00066
  2482     311.2146    0.00298
  2483     311.2746    0.00256
  2484     311.2774    0.00423
  2485     311.2834    0.02645
  2486     311.3717    0.03371
  2487     311.4791    0.00000
  2488     311.5478    0.00000
  2489     311.5602    0.00580
  2490     311.5891    0.00611
  2491     311.6968    0.00334
  2492     311.7137    0.02311
  2493     311.8654    0.00341
  2494     311.9058    0.00850
  2495     312.2383    0.00167
  2496     312.2392    0.00001
  2497     312.4459    0.00000
  2498     312.6044    0.00430
  2499     312.6045    0.00321
  2500     312.6317    0.00597
  2501     312.7507    0.00004
  2502     312.7549    0.00004
  2503     312.9575    0.00017
  2504     312.9639    0.00419
  2505     313.3072    0.00023
  2506     313.3532    0.00449
  2507     313.3594    0.01062
  2508     313.3616    0.00358
  2509     313.4405    0.00072
  2510     313.4408    0.00285
  2511     313.4910    0.00480
  2512     313.4917    0.00013
  2513     313.8142    0.01537
  2514     313.9792    0.05605
  2515     313.9825    0.00002
  2516     313.9951    0.00177
  2517     314.1579    0.00000
  2518     314.1685    0.01334
  2519     314.2361    0.00003
  2520     314.2413    0.00004
  2521     314.3512    0.02033
  2522     314.3845    0.00000
  2523     314.3943    0.00139
  2524     314.6295    0.00203
  2525     314.6468    0.00082
  2526     314.6556    0.00199
  2527     314.6625    0.00002
  2528     314.8276    0.00348
  2529     314.8798    0.00000
  2530     314.9527    0.00207
  2531     314.9611    0.00098
  2532     315.0268    0.00282
  2533     315.1175    0.01553
  2534     315.1190    0.00003
  2535     315.1657    0.02687
  2536     315.3314    0.00011
  2537     315.3426    0.00011
  2538     315.6261    0.00052
  2539     315.7070    0.00082
  2540     315.8267    0.02398
  2541     315.8300    0.00803
  2542     315.8664    0.00426
  2543     316.0968    0.01886
  2544     316.1021    0.00008
  2545     316.1064    0.00002
  2546     316.1953    0.00422
  2547     316.3665    0.00000
  2548     316.3687    0.00000
  2549     316.4464    0.01100
  2550     316.5522    0.00102
  2551     316.5959    0.00817
  2552     316.6006    0.01960
  2553     316.6442    0.00000
  2554     316.8497    0.00312
  2555     316.8582    0.00584
  2556     316.8976    0.00063
  2557     316.9815    0.00000
  2558     317.1283    0.01254
  2559     317.1286    0.01210
  2560     317.1326    0.00618
  2561     317.3913    0.00645
  2562     317.4006    0.00524
  2563     317.4067    0.00216
  2564     317.4759    0.01019
  2565     317.8256    0.00000
  2566     317.8356    0.01515
  2567     317.8997    0.02195
  2568     317.9592    0.00000
  2569     318.1401    0.00196
  2570     318.1416    0.00148
  2571     318.3131    0.01370
  2572     318.3191    0.00000
  2573     318.3359    0.00004
  2574     318.5278    0.01296
  2575     318.5438    0.00295
  2576     318.5535    0.00001
  2577     318.8867    0.00010
  2578     318.8894    0.00526
  2579     318.9455    0.01077
  2580     318.9567    0.00064
  2581     318.9799    0.00643
  2582     319.0813    0.00165
  2583     319.1582    0.00000
  2584     319.1626    0.01258
  2585     319.2730    0.00352
  2586     319.4176    0.00165
  2587     319.6891    0.00000
  2588     319.7293    0.00943
  2589     319.7316    0.00001
  2590     320.0144    0.00097
  2591     320.3591    0.04935
  2592     320.3637    0.00329
  2593     320.4779    0.00680
  2594     320.5423    0.00421
  2595     320.5477    0.01167
  2596     320.8581    0.00558
  2597     320.9183    0.00056
  2598     321.0317    0.02299
  2599     321.1760    0.00279
  2600     321.1788    0.00008
  2601     321.1845    0.00000
  2602     321.4564    0.00001
  2603     321.5418    0.00000
  2604     321.5521    0.00206
  2605     322.0163    0.00615
  2606     322.3010    0.00189
  2607     322.3033    0.01534
  2608     322.3861    0.00563
  2609     322.5062    0.00000
  2610     322.5797    0.00425
  2611     322.5806    0.00527
  2612     322.8531    0.01924
  2613     322.9358    0.00000
  2614     322.9465    0.01557
  2615     323.1039    0.01119
  2616     323.2076    0.00241
  2617     323.3981    0.01764
  2618     323.4005    0.00075
  2619     323.5751    0.01025
  2620     323.6117    0.00090
  2621     324.1335    0.00183
  2622     324.2124    0.00000
  2623     324.4305    0.00374
  2624     324.4420    0.00000
  2625     324.7042    0.01175
  2626     324.7991    0.01337
  2627     324.8100    0.01162
  2628     325.0083    0.00000
  2629     325.3417    0.00435
  2630     325.3521    0.00029
  2631     325.6262    0.01607
  2632     325.6324    0.00000
  2633     325.6552    0.00039
  2634     325.7923    0.00006
  2635     325.7969    0.00789
  2636     325.9588    0.00124
  2637     325.9609    0.00777
  2638     326.2269    0.00000
  2639     326.2358    0.00021
  2640     326.3159    0.00002
  2641     326.4363    0.00000
  2642     326.6038    0.00121
  2643     327.2191    0.00438
  2644     327.3256    0.00150
  2645     327.7468    0.00724
  2646     327.8086    0.01608
  2647     328.4365    0.00000
  2648     328.4366    0.02513
  2649     328.4471    0.00295
  2650     329.7302    0.01676
  2651     329.7369    0.00927
  2652     330.4977    0.00078
  2653     330.8266    0.02036
  2654     331.1592    0.00605
  2655     331.1673    0.00102
  2656     331.3928    0.00056
  2657     331.5347    0.01234
  2658     331.7153    0.00537
  2659     331.9460    0.00000
  2660     332.0457    0.01080
  2661     332.0576    0.00913
  2662     332.0743    0.00050
  2663     332.1244    0.00734
  2664     332.4731    0.01783
  2665     333.3738    0.00004
  2666     333.4460    0.00000
  2667     333.4553    0.00314
  2668     333.7222    0.00437
  2669     333.7311    0.01985
  2670     333.9930    0.00007
  2671     334.2151    0.00140
  2672     334.2242    0.00000
  2673     334.3721    0.00892
  2674     334.4019    0.00053
  2675     334.4063    0.00020
  2676     334.4164    0.00012
  2677     335.0130    0.00191
  2678     335.0224    0.00770
  2679     335.0482    0.00011
  2680     335.1248    0.00000
  2681     335.1845    0.00000
  2682     335.3153    0.00015
  2683     335.3797    0.01668
  2684     335.4120    0.00019
  2685     335.5749    0.00081
  2686     335.5830    0.00464
  2687     335.7741    0.00728
  2688     335.7786    0.00417
  2689     335.8199    0.00062
  2690     336.0017    0.00445
  2691     336.5267    0.00279
  2692     336.6931    0.01532
  2693     336.7023    0.00000
  2694     337.1658    0.00240
  2695     337.1761    0.00124
  2696     337.3797    0.00203
  2697     337.5073    0.00000
  2698     337.5168    0.00088
  2699     337.5792    0.00002
  2700     337.5846    0.00050
  2701     337.6903    0.00000
  2702     337.8356    0.00127
  2703     338.0917    0.00148
  2704     338.1706    0.00057
  2705     338.4207    0.00000
  2706     338.7006    0.00047
  2707     338.7113    0.00060
  2708     338.9283    0.00219
  2709     338.9771    0.00073
  2710     338.9862    0.00000
  2711     339.2012    0.00248
  2712     339.3836    0.00243
  2713     339.6103    0.00193
  2714     339.6566    0.00003
  2715     340.0491    0.00535
  2716     340.0607    0.00403
  2717     340.2573    0.00691
  2718     340.6215    0.00001
  2719     340.8457    0.00090
  2720     341.0211    0.00000
  2721     341.2102    0.00478
  2722     341.2203    0.00151
  2723     341.3187    0.00123
  2724     341.3907    0.01266
  2725     341.4544    0.00442
  2726     341.4630    0.00919
  2727     341.4654    0.00124
  2728     341.4679    0.00000
  2729     341.4824    0.00423
  2730     342.0904    0.00141
  2731     342.5811    0.00000
  2732     342.5911    0.00157
  2733     343.0644    0.00019
  2734     343.2566    0.00213
  2735     343.3962    0.00068
  2736     343.4073    0.00004
  2737     343.4662    0.00564
  2738     343.5151    0.00011
  2739     343.7502    0.00004
  2740     344.0275    0.00000
  2741     344.1600    0.00000
  2742     344.2555    0.00000
  2743     344.2672    0.00127
  2744     344.7750    0.00775
  2745     344.7812    0.01542
  2746     344.8984    0.00077
  2747     344.9091    0.00009
  2748     345.1328    0.00636
  2749     345.2649    0.00133
  2750     345.4224    0.00647
  2751     345.4269    0.00210
  2752     345.4710    0.00335
  2753     345.5119    0.00000
  2754     345.7627    0.00110
  2755     345.7750    0.00000
  2756     345.7982    0.00178
  2757     345.9277    0.00122
  2758     346.1369    0.00875
  2759     346.7745    0.00001
  2760     346.7839    0.00005
  2761     346.9227    0.00002
  2762     347.4193    0.00342
  2763     347.8597    0.00207
  2764     347.8683    0.00124
  2765     348.0316    0.00126
  2766     348.2315    0.00710
  2767     348.2432    0.00064
  2768     348.3611    0.00000
  2769     348.3694    0.00597
  2770     348.5271    0.00081
  2771     348.8476    0.00000
  2772     349.0028    0.00059
  2773     349.4342    0.00095
  2774     350.3055    0.00000
  2775     350.4094    0.00732
  2776     350.4200    0.00004
  2777     350.4972    0.01153
  2778     350.7860    0.00088
  2779     351.0051    0.00164
  2780     351.0130    0.00000
  2781     351.2759    0.00365
  2782     351.2866    0.00006
  2783     352.1975    0.00030
  2784     352.2764    0.00052
  2785     352.3651    0.00039
  2786     352.5916    0.00127
  2787     352.6025    0.00000
  2788     352.7081    0.00200
  2789     352.7635    0.00000
  2790     352.9296    0.00003
  2791     353.0626    0.00002
  2792     353.0717    0.01569
  2793     353.8074    0.01091
  2794     354.0032    0.01745
  2795     354.0558    0.00526
  2796     354.0679    0.01520
  2797     354.0712    0.00000
  2798     354.0835    0.00053
  2799     354.2668    0.00050
  2800     354.6192    0.00000
  2801     354.8804    0.00015
  2802     355.0440    0.00322
  2803     355.3819    0.00008
  2804     355.9857    0.00044
  2805     355.9966    0.00000
  2806     356.1962    0.01009
  2807     356.3869    0.00186
  2808     356.5720    0.00037
  2809     356.7061    0.00505
  2810     356.7158    0.00000
  2811     357.4969    0.00000
  2812     357.5083    0.00003
  2813     357.8422    0.00032
  2814     357.8484    0.00030
  2815     358.2633    0.00672
  2816     358.4595    0.00214
  2817     358.8891    0.00541
  2818     358.9681    0.00031
  2819     358.9770    0.00000
  2820     359.0506    0.00014
  2821     359.1763    0.00049
  2822     360.1705    0.02354
  2823     360.1736    0.00698
  2824     360.3901    0.00134
  2825     360.3922    0.00425
  2826     360.8768    0.00579
  2827     360.9425    0.00953
  2828     362.1944    0.00090
  2829     362.8599    0.00137
  2830     363.0518    0.00021
  2831     363.0593    0.03676
  2832     363.7528    0.00000
  2833     363.9212    0.02009
  2834     364.4541    0.00007
  2835     364.4658    0.00013
  2836     364.5281    0.00433
  2837     365.0051    0.00013
  2838     365.0173    0.00000
  2839     365.0347    0.00000
  2840     365.5066    0.00074
  2841     365.5340    0.00127
  2842     366.0514    0.01580
  2843     366.6588    0.01641
  2844     366.9198    0.00075
  2845     366.9293    0.00345
  2846     367.2789    0.00515
  2847     367.2908    0.00229
  2848     367.4911    0.00144
  2849     369.3289    0.00000
  2850     369.6503    0.00075
  2851     370.3028    0.00093
  2852     370.3147    0.00021
  2853     370.7401    0.00032
  2854     370.9282    0.00000
  2855     370.9403    0.00054
  2856     371.0752    0.00409
  2857     371.0878    0.00285
  2858     371.3533    0.00020
  2859     371.6463    0.00570
  2860     371.9092    0.00321
  2861     372.5774    0.00000
  2862     372.5896    0.00017
  2863     372.5929    0.00044
  2864     376.8995    0.01161
  2865     377.4226    0.00000
  2866     378.2974    0.01567
  2867     378.3084    0.00099
  2868     378.5789    0.00000
  2869     378.9420    0.00001
  2870     378.9539    0.00221
  2871     378.9541    0.00000
  2872     379.0823    0.00266
  2873     379.9744    0.00099
  2874     381.1754    0.00014
  2875     381.1832    0.00025
  2876     382.6965    0.01388
  2877     382.7052    0.01402
  2878     383.0647    0.01387
  2879     383.8259    0.00020
  2880     384.4777    0.00701
  2881     385.3207    0.00064
  2882     385.7190    0.00716
  2883     385.7210    0.00445
  2884     386.2405    0.02471
  2885     386.2412    0.00714
  2886     386.3636    0.01833
  2887     386.7598    0.00008
  2888     387.1640    0.00842
  2889     387.5999    0.00628
  2890     387.9514    0.00045
  2891     388.5062    0.00105
  2892     388.5140    0.00029
  2893     389.1080    0.00489
  2894     389.1174    0.00587
  2895     389.7025    0.00225
  2896     389.9083    0.00647
  2897     390.3954    0.00017
  2898     391.4485    0.00038
  2899     391.4594    0.00160
  2900     393.1140    0.00003
  2901     394.8692    0.00631
  2902     394.9779    0.00002
  2903     394.9900    0.00015
  2904     404.5583    0.00562
  2905     407.1879    0.00125
  2906     407.2001    0.00022
  2907     408.7880    0.00054
  2908     410.6623    0.08850
  2909     410.7050    0.00000
  2910     412.0930    0.00000
  2911     412.1447    0.00474
  2912     414.0185    0.00015
  2913     414.0742    0.00007
  2914     414.7175    0.00069
  2915     414.7502    0.00000
  2916     414.7799    0.00030
  2917     414.8135    0.00277
  2918     414.8686    0.00057
  2919     414.9144    0.00067
  2920     415.3531    0.00029
  2921     415.4181    0.00003
  2922     415.5802    0.00014
  2923     415.6263    0.00004
  2924     415.7701    0.00004
  2925     415.8126    0.00181
  2926     416.0856    0.00232
  2927     416.0948    0.00000
  2928     416.2704    0.00000
  2929     416.2826    0.00352
  2930     416.7563    0.00131
  2931     416.7775    0.00000
  2932     416.8227    0.00000
  2933     416.8851    0.02047
  2934     416.8869    0.00001
  2935     416.8994    0.00066
  2936     417.0301    0.00000
  2937     417.0741    0.00052
  2938     417.3088    0.00121
  2939     417.3393    0.00037
  2940     417.4201    0.00089
  2941     417.4848    0.00022
  2942     417.6702    0.00000
  2943     417.7341    0.00361
  2944     417.7353    0.00089
  2945     417.7411    0.00103
  2946     417.9253    0.00195
  2947     417.9694    0.00002
  2948     418.0264    0.00007
  2949     418.0372    0.00044
  2950     418.5074    0.00707
  2951     418.5481    0.00000
  2952     418.7792    0.00770
  2953     418.8144    0.00246
  2954     419.1651    0.00331
  2955     419.2004    0.00050
  2956     419.3539    0.00134
  2957     419.3733    0.00001
  2958     419.6618    0.00000
  2959     419.6806    0.00088
  2960     419.7113    0.00025
  2961     419.7275    0.02256
  2962     420.0836    0.00539
  2963     420.1141    0.00000
  2964     420.1151    0.00310
  2965     420.1779    0.00555
  2966     420.4237    0.00003
  2967     420.4729    0.01059
  2968     420.5567    0.00190
  2969     420.5934    0.00390
  2970     420.7394    0.00015
  2971     420.7503    0.00877
  2972     420.9419    0.00899
  2973     420.9595    0.00326
  2974     421.3799    0.00195
  2975     421.3965    0.00976
  2976     421.7674    0.02117
  2977     421.7719    0.00231
  2978     421.8395    0.00144
  2979     421.8704    0.00360
  2980     422.3416    0.00679
  2981     422.3963    0.00515
  2982     422.5912    0.01048
  2983     422.6511    0.00547
  2984     423.1589    0.00000
  2985     423.2195    0.00155
  2986     423.2473    0.00001
  2987     423.2979    0.00000
  2988     423.4398    0.00062
  2989     423.4935    0.00000
  2990     423.5065    0.00248
  2991     423.5624    0.00067
  2992     424.0540    0.01223
  2993     424.0957    0.01019
  2994     424.7456    0.00063
  2995     424.7945    0.00008
  2996     424.8440    0.00025
  2997     424.8926    0.00000
  2998     424.9986    0.00000
  2999     425.0431    0.00090
  3000     425.5922    0.00000
  3001     425.6598    0.00000
  3002     425.8648    0.00052
  3003     425.8947    0.00137
  3004     426.3215    0.00008
  3005     426.3393    0.01700
  3006     426.7199    0.00645
  3007     426.7584    0.00012
  3008     426.7780    0.00063
  3009     426.8357    0.00035
  3010     427.3703    0.01373
  3011     427.4335    0.00011
  3012     427.8965    0.00120
  3013     427.9011    0.00060
  3014     427.9997    0.02986
  3015     428.0439    0.00000
  3016     428.3016    0.00741
  3017     428.3085    0.00035
  3018     428.7107    0.01110
  3019     428.7592    0.00539
  3020     428.7892    0.00001
  3021     428.8223    0.00000
  3022     428.8520    0.00000
  3023     428.8578    0.00145
  3024     429.4896    0.00478
  3025     429.5446    0.00008
  3026     429.9145    0.00279
  3027     429.9205    0.00000
  3028     430.1535    0.00466
  3029     430.1898    0.00072
  3030     430.3616    0.00000
  3031     430.3868    0.00085
  3032     430.4472    0.00875
  3033     430.4774    0.00136
  3034     431.0305    0.02060
  3035     431.0613    0.00310
  3036     431.3062    0.00006
  3037     431.3357    0.00080
  3038     431.5779    0.00000
  3039     431.5999    0.00276
  3040     431.6361    0.00237
  3041     431.6491    0.00011
  3042     432.3475    0.00031
  3043     432.3715    0.00099
  3044     432.6283    0.00238
  3045     432.6515    0.00056
  3046     432.7632    0.00175
  3047     432.8297    0.00000
  3048     432.9212    0.00602
  3049     432.9484    0.00055
  3050     433.4093    0.00000
  3051     433.4749    0.00012
  3052     433.9838    0.00732
  3053     434.0102    0.02401
  3054     434.1799    0.00703
  3055     434.2389    0.00000
  3056     434.9552    0.00000
  3057     434.9752    0.00033
  3058     435.4971    0.00002
  3059     435.5506    0.00063
  3060     435.7388    0.00000
  3061     435.8016    0.00465
  3062     436.4329    0.00075
  3063     436.4672    0.00223
  3064     436.5503    0.00000
  3065     436.6061    0.01790
  3066     437.1076    0.00036
  3067     437.1650    0.00026
  3068     438.3953    0.00188
  3069     438.4546    0.00000
  3070     438.5844    0.00800
  3071     438.6073    0.00283
  3072     439.2222    0.00005
  3073     439.2448    0.00055
  3074     439.7294    0.00008
  3075     439.7833    0.00000
  3076     439.8070    0.00010
  3077     439.8640    0.00484
  3078     440.5582    0.00000
  3079     440.5711    0.00043
  3080     440.6239    0.00027
  3081     440.6347    0.00108
  3082     442.1260    0.00000
  3083     442.1826    0.00137
  3084     444.1309    0.02128
  3085     444.1887    0.00769
  3086     445.1856    0.00191
  3087     445.2195    0.00665
  3088     445.4832    0.00006
  3089     445.4916    0.16178
  3090     445.5093    0.01479
  3091     445.5385    0.00442
  3092     447.7041    0.02051
  3093     447.7531    0.01301
  3094     448.4073    0.02087
  3095     448.4613    0.00035
  3096     448.6214    0.00003
  3097     448.6226    0.00171
  3098     449.4178    0.00002
  3099     449.4687    0.00000
  3100     450.0667    0.00081
  3101     450.1024    0.01266
  3102     450.6384    0.00138
  3103     450.6583    0.01151
  3104     450.8427    0.01603
  3105     450.8904    0.00553
  3106     451.2751    0.01031
  3107     451.3127    0.00000
  3108     451.8347    0.00000
  3109     451.8714    0.00115
  3110     452.1984    0.00095
  3111     452.2457    0.00135
  3112     453.0219    0.00501
  3113     453.0797    0.00063
  3114     453.9135    0.00439
  3115     453.9749    0.00000
  3116     454.4503    0.00336
  3117     454.5152    0.00010
  3118     454.8374    0.00000
  3119     454.9013    0.00493
  3120     455.4906    0.00100
  3121     455.5161    0.00101
  3122     455.7974    0.00045
  3123     455.8220    0.00014
  3124     457.0138    0.00000
  3125     457.0756    0.00000
  3126     457.2396    0.00350
  3127     457.2868    0.01783
  3128     458.0405    0.00428
  3129     458.0773    0.03187
  3130     458.8183    0.00050
  3131     458.8840    0.00000
  3132     459.2082    0.00000
  3133     459.2749    0.00032
  3134     459.5158    0.00244
  3135     459.5765    0.00008
  3136     460.1514    0.00008
  3137     460.2076    0.00012
  3138     460.8965    0.01672
  3139     460.9446    0.01069
  3140     462.5106    0.00010
  3141     462.5730    0.01548
  3142     462.6709    0.00071
  3143     462.7306    0.00085
  3144     463.9329    0.00000
  3145     463.9947    0.00000
  3146     465.4361    0.00150
  3147     465.5010    0.00252
  3148     465.7570    0.00003
  3149     465.8147    0.00000
  3150     465.8590    0.00217
  3151     465.9147    0.00716
  3152     467.1398    0.00000
  3153     467.2026    0.00151
  3154     467.4451    0.00139
  3155     467.4976    0.01420
  3156     467.5808    0.00176
  3157     467.6457    0.00000
  3158     468.4094    0.00045
  3159     468.4693    0.00049
  3160     468.9993    0.00993
  3161     469.0469    0.00997
  3162     470.2065    0.00276
  3163     470.2527    0.00263
  3164     471.6508    0.01129
  3165     471.6812    0.00015
  3166     472.1705    0.00000
  3167     472.2356    0.00140
  3168     472.3444    0.01741
  3169     472.3804    0.00284
  3170     474.2012    0.00004
  3171     474.2446    0.00455
  3172     474.6160    0.00823
  3173     474.6676    0.00411
  3174     477.4851    0.00140
  3175     477.5412    0.00000
  3176     477.6034    0.00000
  3177     477.6573    0.00075
  3178     478.1607    0.00461
  3179     478.2134    0.00171
  3180     480.8541    0.00405
  3181     480.9141    0.00068
  3182     480.9862    0.00006
  3183     481.0383    0.00033
  3184     484.2357    0.00000
  3185     484.2940    0.00022
  3186     484.8898    0.00057
  3187     484.9566    0.00456
  3188     485.0099    0.00000
  3189     485.0682    0.00043
  3190     485.3572    0.00039
  3191     485.4243    0.00074
  3192     492.1504    0.00012
  3193     492.2089    0.00000
  3194     492.3885    0.00588
  3195     492.4515    0.00721
  3196     495.8940    0.01359
  3197     495.9284    0.00021
  3198     497.2582    0.00143
  3199     497.2867    0.00034
  3200     498.9297    0.01017
  3201     498.9355    0.00018
  3202     499.9813    0.00313
  3203     500.0157    0.00259
  3204     502.2191    0.00050
  3205     502.2404    0.00146
  3206     502.6968    0.00007
  3207     502.7322    0.00188
  3208     504.8665    0.00009
  3209     504.9018    0.00002
  3210     508.6068    0.00506
  3211     508.6731    0.00010
  3212     521.9109    0.00055
  3213     521.9788    0.00007
  lowest singlet excitation = 5.2685 eV  (f = 0.00765)
