[warning] method.kind = "bse-tda" is Smoke-grade (see docs/VALIDATION.md): only excitation ordering and a physicality gate are checked; the excitation-energy gap error is inherited directly from the underlying GW quasiparticle gap (also Smoke-grade).
[ferric] memory budget: 10.72 GiB  [source: auto (0.8 × available RAM)]
ferric-gw: redressed eigenpotentials, max |‖V_α‖² − 1| = 2.637e-13
ferric BSE diag: λ_max(0)=2.4747  GW gap=0.3785 Ha (10.300 eV)  IP=9.612 eV
BSE-TDA[G0W0@HF]/aug-cc-pvdz (aux: aug-cc-pvdz-rifit) on testdata/molecules/thiel_set/pyridine.xyz
  nbasis     = 183
  RHF energy = -246.7244426266 Hartree
  nocc = 21  nvir = 162  (3402 singlet states)
     n   Omega (eV)      f_osc
     1       6.0196    0.00665
     2       6.1275    0.05705
     3       6.2327    0.00000
     4       6.9164    0.00000
     5       6.9563    0.03674
     6       7.4430    0.04912
     7       7.4912    0.00622
     8       7.6602    0.00184
     9       7.6833    0.00000
    10       7.7001    0.39598
    11       8.0452    0.03989
    12       8.0800    0.28972
    13       8.2261    0.00000
    14       8.2553    0.00023
    15       8.2831    0.50384
    16       8.3573    0.00000
    17       8.3810    0.01164
    18       8.4784    0.33931
    19       8.4836    0.00070
    20       8.5284    0.00000
    21       8.7075    0.03876
    22       8.7115    0.00827
    23       8.8690    0.01912
    24       8.9951    0.00031
    25       9.0095    0.00000
    26       9.0739    0.00311
    27       9.1218    0.05033
    28       9.1438    0.00000
    29       9.2239    0.00032
    30       9.2268    0.02793
    31       9.4254    0.00000
    32       9.4536    0.00561
    33       9.5462    0.00068
    34       9.6488    0.00264
    35       9.6701    0.00000
    36       9.7722    0.00000
    37       9.7764    0.04680
    38       9.9109    0.00964
    39       9.9676    0.07529
    40       9.9727    0.03042
    41       9.9753    0.00000
    42      10.0373    0.02013
    43      10.1540    0.00561
    44      10.1843    0.04076
    45      10.2332    0.03302
    46      10.2822    0.00000
    47      10.3304    0.00002
    48      10.3427    0.00810
    49      10.4617    0.00255
    50      10.4721    0.00374
    51      10.5141    0.01517
    52      10.5239    0.00101
    53      10.5315    0.06419
    54      10.5571    0.00424
    55      10.6142    0.03168
    56      10.6163    0.00098
    57      10.6788    0.00000
    58      10.7264    0.00000
    59      10.7349    0.00000
    60      10.7369    0.03627
    61      10.7440    0.00000
    62      10.7505    0.00972
    63      10.7534    0.00438
    64      10.8654    0.06096
    65      10.8908    0.00000
    66      11.0388    0.00203
    67      11.0611    0.00000
    68      11.0812    0.02863
    69      11.1115    0.02915
    70      11.1551    0.00000
    71      11.1625    0.00000
    72      11.1799    0.07364
    73      11.2091    0.02063
    74      11.2384    0.00000
    75      11.2586    0.00311
    76      11.3157    0.00077
    77      11.4363    0.06119
    78      11.5472    0.06199
    79      11.6212    0.00174
    80      11.6251    0.04862
    81      11.6486    0.00000
    82      11.6758    0.00000
    83      11.6927    0.00240
    84      11.8051    0.00593
    85      11.8286    0.00000
    86      11.8525    0.00246
    87      11.8855    0.00406
    88      11.9184    0.00515
    89      11.9737    0.00000
    90      11.9788    0.03946
    91      11.9920    0.00000
    92      12.0819    0.00038
    93      12.1908    0.02310
    94      12.2084    0.00019
    95      12.3628    0.00322
    96      12.3631    0.00913
    97      12.3795    0.00000
    98      12.4645    0.03686
    99      12.4734    0.00043
   100      12.4797    0.00000
   101      12.5393    0.11320
   102      12.6025    0.00233
   103      12.6127    0.01077
   104      12.6315    0.00094
   105      12.6492    0.12915
   106      12.6685    0.00924
   107      12.6826    0.03512
   108      12.7417    0.00000
   109      12.8506    0.00012
   110      12.9021    0.00320
   111      12.9341    0.00185
   112      12.9679    0.00000
   113      12.9683    0.01091
   114      12.9942    0.11247
   115      13.0225    0.11272
   116      13.0316    0.00000
   117      13.0781    0.06000
   118      13.1091    0.00073
   119      13.1643    0.00059
   120      13.2208    0.00006
   121      13.2644    0.03330
   122      13.2687    0.00020
   123      13.2709    0.00639
   124      13.3643    0.14275
   125      13.3677    0.00203
   126      13.3718    0.00593
   127      13.3945    0.05691
   128      13.4135    0.03322
   129      13.4346    0.11046
   130      13.4416    0.00000
   131      13.4668    0.00026
   132      13.4888    0.03626
   133      13.5378    0.01605
   134      13.5623    0.00385
   135      13.6456    0.03548
   136      13.6524    0.00000
   137      13.6919    0.00000
   138      13.7087    0.00800
   139      13.7382    0.08290
   140      13.7387    0.00000
   141      13.7691    0.03872
   142      13.7725    0.00944
   143      13.8052    0.03251
   144      13.8169    0.00896
   145      13.8494    0.02125
   146      13.8998    0.00000
   147      13.9065    0.00000
   148      13.9219    0.01340
   149      13.9515    0.00021
   150      13.9518    0.03389
   151      13.9665    0.02695
   152      13.9800    0.00000
   153      14.0034    0.00129
   154      14.0612    0.04200
   155      14.0844    0.00237
   156      14.0871    0.06017
   157      14.1118    0.00000
   158      14.1132    0.09525
   159      14.1334    0.00020
   160      14.1545    0.08043
   161      14.1641    0.00000
   162      14.2227    0.01312
   163      14.2345    0.00027
   164      14.2818    0.00970
   165      14.2910    0.00000
   166      14.3070    0.00304
   167      14.3291    0.00398
   168      14.3353    0.02225
   169      14.3493    0.00124
   170      14.3515    0.00000
   171      14.4007    0.01255
   172      14.4213    0.12129
   173      14.4315    0.00000
   174      14.4434    0.00812
   175      14.4509    0.06294
   176      14.4633    0.01513
   177      14.4721    0.00000
   178      14.5162    0.00873
   179      14.5375    0.01141
   180      14.5535    0.00000
   181      14.5551    0.02155
   182      14.6292    0.01140
   183      14.7086    0.00000
   184      14.7180    0.05215
   185      14.7364    0.02037
   186      14.7394    0.35032
   187      14.7404    0.00000
   188      14.7870    0.00021
   189      14.7896    0.00035
   190      14.8292    0.00000
   191      14.8667    0.04261
   192      14.8778    0.00890
   193      14.8983    0.00189
   194      15.0010    0.03044
   195      15.0322    0.01036
   196      15.0501    0.00000
   197      15.0574    0.00000
   198      15.0707    0.00444
   199      15.0810    0.00000
   200      15.0944    0.03005
   201      15.1130    0.04197
   202      15.1413    0.00053
   203      15.1655    0.01871
   204      15.1991    0.01511
   205      15.2078    0.00000
   206      15.2435    0.00529
   207      15.2905    0.05238
   208      15.3276    0.00069
   209      15.3312    0.00000
   210      15.3863    0.00369
   211      15.4088    0.12754
   212      15.4689    0.00189
   213      15.4907    0.03463
   214      15.4938    0.01223
   215      15.5654    0.00570
   216      15.5894    0.02979
   217      15.6206    0.09369
   218      15.6441    0.01966
   219      15.6679    0.01086
   220      15.6764    0.00000
   221      15.6906    0.02787
   222      15.7397    0.03240
   223      15.7574    0.00306
   224      15.8130    0.00000
   225      15.8152    0.00010
   226      15.8520    0.00592
   227      15.9011    0.00000
   228      15.9037    0.00032
   229      15.9567    0.00021
   230      15.9952    0.00139
   231      16.0170    0.02604
   232      16.0214    0.00304
   233      16.0260    0.00000
   234      16.1039    0.00840
   235      16.1184    0.00000
   236      16.1274    0.05051
   237      16.1714    0.02742
   238      16.1873    0.01883
   239      16.1922    0.00374
   240      16.2300    0.00193
   241      16.2542    0.03567
   242      16.3142    0.00000
   243      16.3467    0.00307
   244      16.3485    0.00002
   245      16.3585    0.00288
   246      16.3648    0.00095
   247      16.3960    0.00000
   248      16.4181    0.00978
   249      16.4415    0.00557
   250      16.4495    0.06245
   251      16.4689    0.00000
   252      16.4789    0.00233
   253      16.5011    0.05405
   254      16.5137    0.01314
   255      16.5319    0.00017
   256      16.5640    0.02011
   257      16.5658    0.02524
   258      16.6218    0.00022
   259      16.6221    0.06005
   260      16.6393    0.00000
   261      16.6841    0.00050
   262      16.7096    0.00511
   263      16.7304    0.00045
   264      16.7341    0.00345
   265      16.7431    0.00080
   266      16.7497    0.00000
   267      16.7661    0.00230
   268      16.7684    0.01321
   269      16.7801    0.01630
   270      16.8166    0.04705
   271      16.8296    0.01509
   272      16.9080    0.00416
   273      16.9199    0.00000
   274      16.9278    0.00006
   275      16.9606    0.00000
   276      16.9618    0.00060
   277      17.0047    0.00193
   278      17.0278    0.00111
   279      17.0436    0.00465
   280      17.0591    0.00382
   281      17.0643    0.00168
   282      17.1391    0.00043
   283      17.1433    0.00000
   284      17.1566    0.00000
   285      17.1780    0.00000
   286      17.1801    0.05891
   287      17.2339    0.00000
   288      17.2449    0.00711
   289      17.2478    0.08239
   290      17.2913    0.00000
   291      17.2919    0.05086
   292      17.3118    0.02718
   293      17.3172    0.00146
   294      17.3438    0.00000
   295      17.4068    0.01236
   296      17.4325    0.00000
   297      17.4392    0.00286
   298      17.4607    0.02349
   299      17.4831    0.25601
   300      17.4892    0.01216
   301      17.5634    0.00194
   302      17.6038    0.00071
   303      17.6658    0.00021
   304      17.7141    0.01422
   305      17.7524    0.01468
   306      17.7585    0.00944
   307      17.7815    0.29147
   308      17.8044    0.00005
   309      17.8165    0.04708
   310      17.8358    0.00000
   311      17.8632    0.02463
   312      17.8901    0.00196
   313      17.9240    0.01954
   314      17.9642    0.00604
   315      17.9690    0.09021
   316      17.9715    0.00000
   317      18.0078    0.14153
   318      18.0199    0.01993
   319      18.0438    0.00000
   320      18.0790    0.09088
   321      18.0898    0.02511
   322      18.1146    0.03524
   323      18.1199    0.06558
   324      18.1275    0.13931
   325      18.1494    0.00000
   326      18.1938    0.00000
   327      18.2401    0.04077
   328      18.2426    0.03009
   329      18.2531    0.15501
   330      18.2842    0.00000
   331      18.3260    0.00000
   332      18.3318    0.18434
   333      18.3397    0.10280
   334      18.3669    0.00000
   335      18.3756    0.03284
   336      18.4214    0.00531
   337      18.4332    0.09415
   338      18.4865    0.00012
   339      18.5143    0.00343
   340      18.5204    0.00757
   341      18.5634    0.00000
   342      18.5668    0.00006
   343      18.5754    0.00010
   344      18.5905    0.03006
   345      18.6269    0.04073
   346      18.6282    0.03236
   347      18.6441    0.00715
   348      18.6470    0.00000
   349      18.6532    0.00294
   350      18.6845    0.03694
   351      18.6850    0.00000
   352      18.7373    0.04794
   353      18.7662    0.04552
   354      18.7945    0.00000
   355      18.8358    0.00204
   356      18.8475    0.10430
   357      18.8495    0.00968
   358      18.8653    0.11339
   359      18.9226    0.04091
   360      18.9332    0.00000
   361      18.9762    0.00332
   362      18.9966    0.00051
   363      19.0017    0.00923
   364      19.0284    0.00258
   365      19.0431    0.00084
   366      19.0510    0.07151
   367      19.0534    0.00012
   368      19.0781    0.01131
   369      19.1067    0.00140
   370      19.1301    0.08636
   371      19.1611    0.00201
   372      19.1665    0.04366
   373      19.2076    0.00615
   374      19.2120    0.01739
   375      19.2289    0.02365
   376      19.2385    0.08257
   377      19.2393    0.00000
   378      19.2398    0.06789
   379      19.2618    0.08921
   380      19.2720    0.00000
   381      19.3226    0.03301
   382      19.3676    0.01396
   383      19.4000    0.00000
   384      19.4000    0.01037
   385      19.4086    0.01729
   386      19.4313    0.00098
   387      19.4383    0.01419
   388      19.5076    0.00000
   389      19.5176    0.02072
   390      19.5191    0.00013
   391      19.5263    0.00308
   392      19.6325    0.00000
   393      19.6680    0.07237
   394      19.6742    0.01639
   395      19.6786    0.11925
   396      19.7221    0.02595
   397      19.7327    0.00032
   398      19.7358    0.04270
   399      19.7751    0.00077
   400      19.7897    0.00267
   401      19.7953    0.01062
   402      19.8265    0.03265
   403      19.8442    0.03346
   404      19.8479    0.01030
   405      19.8667    0.00814
   406      19.9182    0.02418
   407      19.9389    0.00000
   408      19.9398    0.01307
   409      19.9818    0.00786
   410      19.9937    0.30603
   411      20.0020    0.04754
   412      20.0091    0.17854
   413      20.0182    0.00012
   414      20.0472    0.00000
   415      20.0566    0.16393
   416      20.0919    0.09875
   417      20.1359    0.16584
   418      20.1659    0.25484
   419      20.1682    0.00057
   420      20.1750    0.07294
   421      20.2381    0.00000
   422      20.2523    0.00000
   423      20.2597    0.01429
   424      20.2876    0.08838
   425      20.3076    0.00674
   426      20.3086    0.08757
   427      20.3584    0.00211
   428      20.3694    0.00308
   429      20.3910    0.01615
   430      20.4291    0.00000
   431      20.4769    0.12179
   432      20.5078    0.04210
   433      20.5220    0.04835
   434      20.5294    0.24157
   435      20.5582    0.00000
   436      20.5835    0.17524
   437      20.6507    0.00218
   438      20.6585    0.00000
   439      20.6797    0.01087
   440      20.7102    0.00052
   441      20.7615    0.00760
   442      20.7747    0.27191
   443      20.7797    0.00000
   444      20.8038    0.00587
   445      20.8101    0.34308
   446      20.8229    0.03764
   447      20.8978    0.01073
   448      20.9160    0.12911
   449      20.9192    0.00000
   450      20.9636    0.00180
   451      20.9791    0.00009
   452      21.0042    0.06244
   453      21.0336    0.00180
   454      21.0367    0.04749
   455      21.0639    0.00000
   456      21.0732    0.00168
   457      21.0994    0.00417
   458      21.1457    0.00000
   459      21.1651    0.01432
   460      21.1691    0.23328
   461      21.1725    0.01272
   462      21.2318    0.07666
   463      21.2589    0.00735
   464      21.2740    0.00000
   465      21.2955    0.00150
   466      21.2966    0.01574
   467      21.3391    0.00021
   468      21.3428    0.08058
   469      21.3672    0.01263
   470      21.3798    0.00000
   471      21.4003    0.00135
   472      21.4651    0.00990
   473      21.4749    0.00508
   474      21.5040    0.00094
   475      21.5153    0.01193
   476      21.5176    0.00012
   477      21.5299    0.00125
   478      21.5530    0.00330
   479      21.5744    0.00889
   480      21.5900    0.00000
   481      21.5947    0.02868
   482      21.6365    0.00435
   483      21.6643    0.00000
   484      21.6916    0.01756
   485      21.7018    0.00094
   486      21.7113    0.00000
   487      21.7267    0.00111
   488      21.7385    0.01362
   489      21.7639    0.00206
   490      21.7877    0.00000
   491      21.8039    0.00644
   492      21.8063    0.00000
   493      21.8064    0.00915
   494      21.8129    0.00410
   495      21.8488    0.00000
   496      21.8527    0.04589
   497      21.8625    0.00043
   498      21.9099    0.03530
   499      21.9199    0.00000
   500      21.9319    0.01590
   501      21.9547    0.00010
   502      21.9623    0.00278
   503      21.9831    0.01232
   504      21.9975    0.00036
   505      22.0161    0.00001
   506      22.0341    0.00463
   507      22.0368    0.00000
   508      22.0925    0.00166
   509      22.1093    0.01138
   510      22.1253    0.00935
   511      22.1807    0.01005
   512      22.2167    0.04494
   513      22.2211    0.00263
   514      22.2733    0.02874
   515      22.2746    0.07488
   516      22.2803    0.07719
   517      22.3511    0.11892
   518      22.3519    0.01457
   519      22.3595    0.15823
   520      22.3632    0.00034
   521      22.3877    0.00809
   522      22.3884    0.05216
   523      22.3982    0.16942
   524      22.3991    0.00000
   525      22.4181    0.00392
   526      22.4545    0.16397
   527      22.4920    0.00274
   528      22.5037    0.00000
   529      22.5284    0.02660
   530      22.5667    0.07480
   531      22.5721    0.05214
   532      22.5959    0.00000
   533      22.6199    0.00459
   534      22.6366    0.15185
   535      22.6409    0.00428
   536      22.6755    0.02623
   537      22.6919    0.00525
   538      22.7147    0.00457
   539      22.7429    0.14305
   540      22.7587    0.40643
   541      22.7810    0.00000
   542      22.7960    0.00265
   543      22.8291    0.00000
   544      22.8459    0.00752
   545      22.8487    0.03118
   546      22.8790    0.00000
   547      22.8819    0.00762
   548      22.8883    0.00383
   549      22.9129    0.00035
   550      22.9342    0.00146
   551      22.9588    0.00000
   552      22.9672    0.02605
   553      23.0650    0.00000
   554      23.0683    0.13619
   555      23.0722    0.04215
   556      23.0892    0.00082
   557      23.0984    0.00000
   558      23.1021    0.04493
   559      23.1135    0.05717
   560      23.1568    0.04291
   561      23.1573    0.00000
   562      23.1850    0.00180
   563      23.2026    0.00000
   564      23.2073    0.00419
   565      23.2494    0.00000
   566      23.2658    0.00594
   567      23.3008    0.00080
   568      23.3051    0.26624
   569      23.3214    0.00000
   570      23.3307    0.02129
   571      23.3628    0.00978
   572      23.3862    0.00000
   573      23.4096    0.00064
   574      23.4185    0.00081
   575      23.4236    0.00252
   576      23.4630    0.00000
   577      23.4655    0.01184
   578      23.4812    0.00775
   579      23.4846    0.00048
   580      23.4983    0.00002
   581      23.5084    0.00000
   582      23.5773    0.00279
   583      23.6292    0.00010
   584      23.6313    0.00000
   585      23.6694    0.00000
   586      23.6753    0.00261
   587      23.6764    0.00313
   588      23.7063    0.00048
   589      23.7431    0.00000
   590      23.7527    0.17032
   591      23.8589    0.10329
   592      23.8667    0.00496
   593      23.8741    0.11134
   594      23.9179    0.00252
   595      23.9293    0.00652
   596      23.9355    0.00039
   597      23.9928    0.04895
   598      24.0175    0.00511
   599      24.0242    0.05582
   600      24.0508    0.00000
   601      24.0760    0.02292
   602      24.0816    0.00080
   603      24.0849    0.04878
   604      24.1086    0.03776
   605      24.1252    0.08429
   606      24.1739    0.00171
   607      24.1941    0.00322
   608      24.2022    0.00291
   609      24.2506    0.02070
   610      24.2585    0.00000
   611      24.2808    0.01383
   612      24.3413    0.00000
   613      24.3878    0.01007
   614      24.3980    0.00000
   615      24.4022    0.00607
   616      24.4280    0.01474
   617      24.4391    0.03791
   618      24.4421    0.00291
   619      24.4728    0.00000
   620      24.4789    0.00000
   621      24.4831    0.02520
   622      24.5483    0.04701
   623      24.5723    0.00000
   624      24.5854    0.00080
   625      24.6005    0.00000
   626      24.6240    0.08562
   627      24.6341    0.00696
   628      24.6433    0.00254
   629      24.6476    0.01471
   630      24.6584    0.04488
   631      24.6721    0.00096
   632      24.6812    0.00001
   633      24.7141    0.00004
   634      24.7150    0.00214
   635      24.7210    0.00000
   636      24.7360    0.00001
   637      24.7826    0.15553
   638      24.7837    0.06118
   639      24.7985    0.04028
   640      24.8115    0.00026
   641      24.8564    0.07062
   642      24.8844    0.01856
   643      24.8985    0.00086
   644      24.9275    0.04294
   645      24.9381    0.00000
   646      24.9475    0.03137
   647      24.9516    0.01615
   648      24.9903    0.00107
   649      25.0184    0.02991
   650      25.0365    0.15180
   651      25.0498    0.01875
   652      25.0633    0.00017
   653      25.0817    0.00134
   654      25.0875    0.00000
   655      25.1165    0.00322
   656      25.1642    0.00299
   657      25.1889    0.03755
   658      25.1941    0.00010
   659      25.2244    0.32628
   660      25.2272    0.02385
   661      25.2575    0.00319
   662      25.2639    0.00001
   663      25.2671    0.03655
   664      25.3066    0.01008
   665      25.3404    0.00730
   666      25.3659    0.00163
   667      25.3858    0.02851
   668      25.4066    0.07659
   669      25.4082    0.10994
   670      25.4437    0.01026
   671      25.4469    0.07898
   672      25.4629    0.00000
   673      25.4683    0.02476
   674      25.4867    0.06857
   675      25.5086    0.00010
   676      25.5233    0.00000
   677      25.5355    0.09337
   678      25.5597    0.00000
   679      25.5916    0.04115
   680      25.5977    0.01953
   681      25.6298    0.01863
   682      25.6301    0.01288
   683      25.6302    0.00000
   684      25.6453    0.00011
   685      25.6629    0.00000
   686      25.6874    0.00148
   687      25.6962    0.05137
   688      25.7084    0.00000
   689      25.7330    0.12988
   690      25.7427    0.00491
   691      25.7431    0.00886
   692      25.7653    0.00000
   693      25.7856    0.02694
   694      25.8037    0.02951
   695      25.8176    0.18513
   696      25.8432    0.04458
   697      25.8647    0.00000
   698      25.8704    0.07234
   699      25.8729    0.02441
   700      25.9046    0.00219
   701      25.9428    0.02248
   702      25.9458    0.01435
   703      26.0210    0.00000
   704      26.0320    0.42935
   705      26.0666    0.00242
   706      26.0708    0.02152
   707      26.0794    0.00000
   708      26.0914    0.00142
   709      26.1081    0.00213
   710      26.1175    0.05846
   711      26.1299    0.19693
   712      26.1445    0.06547
   713      26.1767    0.00586
   714      26.2355    0.00008
   715      26.2661    0.04508
   716      26.2891    0.00256
   717      26.3011    0.06126
   718      26.3151    0.07121
   719      26.3248    0.00288
   720      26.3283    0.00000
   721      26.3415    0.00006
   722      26.3458    0.00002
   723      26.4079    0.00852
   724      26.4390    0.28814
   725      26.4863    0.00819
   726      26.5131    0.14858
   727      26.5213    0.00000
   728      26.5370    0.00601
   729      26.5520    0.00052
   730      26.5697    0.00157
   731      26.5783    0.00000
   732      26.6048    0.31496
   733      26.6316    0.00437
   734      26.6508    0.00000
   735      26.6671    0.00263
   736      26.6875    0.02539
   737      26.7044    0.00090
   738      26.7051    0.00000
   739      26.7411    0.00000
   740      26.7455    0.08804
   741      26.7472    0.00097
   742      26.7483    0.00020
   743      26.7765    0.00000
   744      26.7870    0.01126
   745      26.8417    0.00312
   746      26.8507    0.00000
   747      26.8819    0.00000
   748      26.9244    0.06900
   749      26.9292    0.02361
   750      26.9494    0.05885
   751      26.9688    0.14362
   752      26.9862    0.04363
   753      27.0034    0.00337
   754      27.0232    0.00320
   755      27.0890    0.00271
   756      27.0961    0.03446
   757      27.1296    0.14318
   758      27.1413    0.00306
   759      27.1870    0.03702
   760      27.2129    0.03323
   761      27.2454    0.00894
   762      27.2469    0.05071
   763      27.2607    0.01579
   764      27.2777    0.00144
   765      27.2806    0.00000
   766      27.2810    0.04909
   767      27.2972    0.00000
   768      27.3109    0.00000
   769      27.3335    0.00844
   770      27.3497    0.04113
   771      27.3781    0.00057
   772      27.3941    0.00027
   773      27.3995    0.06543
   774      27.4091    0.00000
   775      27.4219    0.00031
   776      27.4341    0.00091
   777      27.4368    0.00543
   778      27.4706    0.00009
   779      27.4757    0.12766
   780      27.5035    0.02705
   781      27.5406    0.06648
   782      27.5453    0.00258
   783      27.5849    0.02161
   784      27.6050    0.00133
   785      27.6181    0.00000
   786      27.6259    0.02898
   787      27.6495    0.00000
   788      27.6796    0.02134
   789      27.6900    0.02289
   790      27.7023    0.00934
   791      27.7337    0.00000
   792      27.7515    0.00015
   793      27.7599    0.06709
   794      27.7643    0.00074
   795      27.7739    0.00959
   796      27.7870    0.00000
   797      27.8264    0.03642
   798      27.8417    0.08043
   799      27.8516    0.00065
   800      27.8679    0.02666
   801      27.8755    0.00152
   802      27.8899    0.09213
   803      27.9103    0.01619
   804      27.9313    0.15602
   805      27.9784    0.01994
   806      27.9980    0.01811
   807      28.0015    0.00002
   808      28.0414    0.00000
   809      28.0449    0.00202
   810      28.0585    0.00000
   811      28.0628    0.03185
   812      28.0673    0.00153
   813      28.1162    0.00000
   814      28.1493    0.24493
   815      28.1579    0.00000
   816      28.1867    0.03430
   817      28.1887    0.00240
   818      28.2720    0.06568
   819      28.2832    0.02391
   820      28.3408    0.00774
   821      28.3484    0.00003
   822      28.3683    0.00038
   823      28.3852    0.00000
   824      28.4221    0.03010
   825      28.4223    0.02102
   826      28.4281    0.00000
   827      28.4759    0.00487
   828      28.4977    0.01866
   829      28.5058    0.00067
   830      28.5423    0.00135
   831      28.5437    0.00208
   832      28.5718    0.00044
   833      28.6321    0.02543
   834      28.6591    0.02943
   835      28.6596    0.04887
   836      28.6931    0.00683
   837      28.7256    0.00000
   838      28.7343    0.00504
   839      28.7465    0.00000
   840      28.7525    0.02614
   841      28.7586    0.06056
   842      28.7899    0.25719
   843      28.8106    0.00424
   844      28.8441    0.00001
   845      28.8504    0.00000
   846      28.8618    0.04993
   847      28.8712    0.05746
   848      28.9138    0.01532
   849      28.9225    0.02075
   850      28.9343    0.00000
   851      28.9348    0.00100
   852      28.9691    0.09325
   853      28.9996    0.00000
   854      29.0050    0.00414
   855      29.0891    0.00271
   856      29.1143    0.00978
   857      29.1479    0.00116
   858      29.1849    0.00000
   859      29.1897    0.02547
   860      29.2230    0.06101
   861      29.2622    0.01763
   862      29.2790    0.00715
   863      29.2867    0.03696
   864      29.2959    0.00002
   865      29.3264    0.00398
   866      29.3317    0.00130
   867      29.3626    0.00002
   868      29.3664    0.00000
   869      29.3814    0.00000
   870      29.4089    0.02514
   871      29.4140    0.03663
   872      29.4275    0.00112
   873      29.4386    0.01485
   874      29.4433    0.00000
   875      29.4752    0.03151
   876      29.4878    0.00078
   877      29.5128    0.01267
   878      29.5257    0.01001
   879      29.5291    0.00000
   880      29.5372    0.01030
   881      29.5689    0.02421
   882      29.5854    0.03019
   883      29.6213    0.00009
   884      29.6597    0.00127
   885      29.6721    0.00040
   886      29.6814    0.00000
   887      29.6915    0.00004
   888      29.7158    0.00118
   889      29.7369    0.03494
   890      29.7534    0.00709
   891      29.7569    0.00000
   892      29.7710    0.01698
   893      29.7861    0.00000
   894      29.7924    0.00618
   895      29.8145    0.07514
   896      29.8519    0.00134
   897      29.8637    0.00050
   898      29.8648    0.00022
   899      29.8669    0.00004
   900      29.8672    0.00929
   901      29.8881    0.00869
   902      29.8901    0.00000
   903      29.9018    0.00738
   904      29.9362    0.01415
   905      29.9390    0.01132
   906      29.9519    0.00000
   907      30.0116    0.00056
   908      30.0347    0.00561
   909      30.0784    0.00000
   910      30.0802    0.04110
   911      30.0995    0.04294
   912      30.1160    0.06360
   913      30.1607    0.01355
   914      30.1953    0.00002
   915      30.2123    0.00309
   916      30.2286    0.00819
   917      30.2289    0.00017
   918      30.2432    0.00000
   919      30.2709    0.00071
   920      30.2989    0.04344
   921      30.3110    0.00210
   922      30.3277    0.00001
   923      30.3472    0.00130
   924      30.3488    0.04729
   925      30.3835    0.03250
   926      30.3946    0.02366
   927      30.3964    0.00053
   928      30.4376    0.00000
   929      30.4425    0.01702
   930      30.4506    0.01584
   931      30.4679    0.00006
   932      30.5034    0.02819
   933      30.5133    0.00118
   934      30.5270    0.00000
   935      30.5434    0.00083
   936      30.5455    0.00235
   937      30.5519    0.00188
   938      30.5597    0.00000
   939      30.6031    0.06322
   940      30.6114    0.00010
   941      30.6253    0.00000
   942      30.6432    0.00588
   943      30.6447    0.00808
   944      30.6552    0.01247
   945      30.6788    0.06121
   946      30.6965    0.01484
   947      30.7086    0.00000
   948      30.7244    0.00024
   949      30.7869    0.12547
   950      30.8162    0.02410
   951      30.8502    0.00006
   952      30.8502    0.04835
   953      30.8697    0.01020
   954      30.8844    0.03943
   955      30.9218    0.00000
   956      30.9490    0.00433
   957      30.9561    0.00764
   958      31.0237    0.07001
   959      31.0534    0.00365
   960      31.0581    0.00086
   961      31.0813    0.00363
   962      31.1267    0.00000
   963      31.2034    0.03433
   964      31.2069    0.03484
   965      31.2451    0.09486
   966      31.2729    0.22424
   967      31.2777    0.00016
   968      31.3113    0.02452
   969      31.3127    0.00442
   970      31.3818    0.01130
   971      31.4021    0.00464
   972      31.4281    0.03479
   973      31.4503    0.20676
   974      31.4534    0.01760
   975      31.4614    0.02513
   976      31.4839    0.01056
   977      31.5178    0.00203
   978      31.5383    0.00181
   979      31.5604    0.00374
   980      31.5658    0.00277
   981      31.6112    0.00323
   982      31.6322    0.00067
   983      31.6458    0.00342
   984      31.6462    0.00000
   985      31.6707    0.21778
   986      31.6896    0.00533
   987      31.6923    0.00101
   988      31.7164    0.00000
   989      31.8096    0.01939
   990      31.8347    0.00313
   991      31.8755    0.02617
   992      31.9104    0.00395
   993      31.9309    0.17753
   994      31.9395    0.00010
   995      31.9635    0.02185
   996      32.0034    0.09593
   997      32.0081    0.00359
   998      32.0095    0.00000
   999      32.0147    0.00000
  1000      32.0349    0.00130
  1001      32.0574    0.00057
  1002      32.0802    0.04666
  1003      32.0984    0.00004
  1004      32.1521    0.00000
  1005      32.1585    0.00762
  1006      32.1916    0.00276
  1007      32.2886    0.03564
  1008      32.3185    0.00545
  1009      32.3268    0.00073
  1010      32.3402    0.00000
  1011      32.3872    0.00007
  1012      32.3952    0.00172
  1013      32.4142    0.00000
  1014      32.4365    0.00014
  1015      32.4510    0.00000
  1016      32.5163    0.00634
  1017      32.5374    0.00014
  1018      32.5637    0.00419
  1019      32.5845    0.00087
  1020      32.5944    0.00037
  1021      32.6018    0.00365
  1022      32.6379    0.03413
  1023      32.6449    0.00985
  1024      32.6562    0.01474
  1025      32.6835    0.00000
  1026      32.6874    0.00000
  1027      32.7149    0.01485
  1028      32.7231    0.10599
  1029      32.7232    0.00482
  1030      32.7285    0.00067
  1031      32.7519    0.00355
  1032      32.7884    0.05467
  1033      32.7987    0.04571
  1034      32.7997    0.00000
  1035      32.8208    0.02859
  1036      32.8690    0.00000
  1037      32.8694    0.01105
  1038      32.9680    0.06952
  1039      32.9907    0.00120
  1040      33.0039    0.00000
  1041      33.0050    0.02263
  1042      33.0209    0.00434
  1043      33.0846    0.04436
  1044      33.0937    0.02469
  1045      33.1123    0.00000
  1046      33.1465    0.05973
  1047      33.1839    0.00529
  1048      33.1876    0.00611
  1049      33.2399    0.00000
  1050      33.2513    0.00000
  1051      33.2808    0.25708
  1052      33.3065    0.03633
  1053      33.3076    0.00000
  1054      33.3246    0.00266
  1055      33.3376    0.00022
  1056      33.3596    0.00211
  1057      33.3651    0.00695
  1058      33.3743    0.13274
  1059      33.4087    0.00000
  1060      33.4098    0.00135
  1061      33.4341    0.01055
  1062      33.4362    0.05896
  1063      33.4738    0.00001
  1064      33.5034    0.06680
  1065      33.5159    0.07468
  1066      33.5550    0.03116
  1067      33.5741    0.00226
  1068      33.6211    0.00525
  1069      33.6522    0.01328
  1070      33.6691    0.03793
  1071      33.7069    0.00018
  1072      33.7361    0.09276
  1073      33.7374    0.00006
  1074      33.7602    0.00356
  1075      33.7920    0.00215
  1076      33.8146    0.04015
  1077      33.8309    0.00089
  1078      33.8655    0.00000
  1079      33.8669    0.01739
  1080      33.8691    0.04505
  1081      33.8781    0.00004
  1082      33.9181    0.00896
  1083      33.9846    0.00055
  1084      33.9882    0.00082
  1085      34.0311    0.00401
  1086      34.1015    0.00884
  1087      34.1152    0.00703
  1088      34.1476    0.00306
  1089      34.1573    0.00110
  1090      34.1981    0.00058
  1091      34.2430    0.00000
  1092      34.2504    0.00725
  1093      34.2665    0.00533
  1094      34.2782    0.01490
  1095      34.2835    0.00000
  1096      34.3261    0.01044
  1097      34.3277    0.00079
  1098      34.3460    0.00562
  1099      34.3956    0.00000
  1100      34.4212    0.00402
  1101      34.4274    0.00000
  1102      34.4357    0.04068
  1103      34.4688    0.00595
  1104      34.4718    0.00687
  1105      34.4983    0.03598
  1106      34.5071    0.00070
  1107      34.5464    0.00101
  1108      34.5711    0.00000
  1109      34.6161    0.00497
  1110      34.6193    0.00000
  1111      34.6282    0.00083
  1112      34.6527    0.00000
  1113      34.6600    0.00059
  1114      34.7113    0.00515
  1115      34.7331    0.00000
  1116      34.7338    0.00826
  1117      34.7625    0.00117
  1118      34.7895    0.01422
  1119      34.8224    0.03847
  1120      34.8530    0.03329
  1121      34.8655    0.00011
  1122      34.8788    0.01015
  1123      34.8902    0.00000
  1124      34.9404    0.00000
  1125      34.9787    0.00052
  1126      35.0452    0.01601
  1127      35.0611    0.03214
  1128      35.0907    0.04412
  1129      35.1274    0.00000
  1130      35.1892    0.00000
  1131      35.2001    0.05743
  1132      35.2178    0.03525
  1133      35.2721    0.00135
  1134      35.2876    0.00069
  1135      35.3020    0.00286
  1136      35.3031    0.00124
  1137      35.3724    0.00747
  1138      35.3938    0.00000
  1139      35.4333    0.02056
  1140      35.4939    0.05565
  1141      35.5244    0.00574
  1142      35.5361    0.00255
  1143      35.5622    0.01476
  1144      35.6195    0.00294
  1145      35.7505    0.02035
  1146      35.7520    0.00603
  1147      35.7548    0.00534
  1148      35.8030    0.00000
  1149      35.8137    0.00740
  1150      35.8453    0.00255
  1151      35.8842    0.00372
  1152      35.8928    0.00947
  1153      35.9272    0.01142
  1154      35.9331    0.00000
  1155      35.9552    0.00355
  1156      36.0133    0.00047
  1157      36.0293    0.00124
  1158      36.0496    0.02098
  1159      36.1020    0.00000
  1160      36.1085    0.01042
  1161      36.1186    0.00000
  1162      36.1729    0.00754
  1163      36.1877    0.00500
  1164      36.1877    0.00000
  1165      36.2190    0.00223
  1166      36.2216    0.00135
  1167      36.2249    0.00000
  1168      36.2600    0.00067
  1169      36.2800    0.00379
  1170      36.3118    0.00229
  1171      36.3860    0.00006
  1172      36.4296    0.03305
  1173      36.4334    0.00000
  1174      36.4965    0.00481
  1175      36.5088    0.01360
  1176      36.5268    0.01229
  1177      36.5515    0.02331
  1178      36.5525    0.00144
  1179      36.5727    0.00019
  1180      36.6300    0.02102
  1181      36.6414    0.00005
  1182      36.6510    0.00000
  1183      36.6659    0.00436
  1184      36.7035    0.00267
  1185      36.7169    0.00000
  1186      36.7814    0.00228
  1187      36.7997    0.04346
  1188      36.8321    0.01667
  1189      36.9078    0.00242
  1190      36.9992    0.10511
  1191      37.0597    0.00226
  1192      37.0625    0.03136
  1193      37.0992    0.00035
  1194      37.1282    0.00093
  1195      37.1858    0.01036
  1196      37.1879    0.00037
  1197      37.2608    0.00232
  1198      37.2920    0.01084
  1199      37.3001    0.09338
  1200      37.3606    0.00228
  1201      37.3983    0.00000
  1202      37.4276    0.00248
  1203      37.5198    0.00062
  1204      37.5347    0.00086
  1205      37.5904    0.00000
  1206      37.6374    0.00141
  1207      37.6692    0.01296
  1208      37.7039    0.00003
  1209      37.7405    0.00000
  1210      37.8201    0.00037
  1211      37.8720    0.00273
  1212      37.8965    0.00000
  1213      37.9149    0.00003
  1214      37.9169    0.02731
  1215      37.9259    0.00302
  1216      37.9660    0.00255
  1217      37.9721    0.00078
  1218      37.9767    0.00000
  1219      38.0674    0.00009
  1220      38.1005    0.00276
  1221      38.1016    0.01465
  1222      38.1228    0.00000
  1223      38.1375    0.00085
  1224      38.1840    0.00000
  1225      38.1866    0.00061
  1226      38.2196    0.05929
  1227      38.2386    0.00363
  1228      38.2406    0.00000
  1229      38.2841    0.00185
  1230      38.3275    0.00000
  1231      38.3545    0.00034
  1232      38.4055    0.00000
  1233      38.4184    0.00165
  1234      38.4456    0.02458
  1235      38.4605    0.00270
  1236      38.4763    0.00391
  1237      38.5250    0.00000
  1238      38.5462    0.00000
  1239      38.6305    0.00032
  1240      38.6445    0.01042
  1241      38.6521    0.00001
  1242      38.6779    0.00000
  1243      38.7178    0.05093
  1244      38.7319    0.00029
  1245      38.7500    0.00000
  1246      38.7964    0.01412
  1247      38.8670    0.07524
  1248      38.8870    0.00000
  1249      38.8977    0.00434
  1250      38.9205    0.01629
  1251      38.9852    0.01476
  1252      38.9948    0.00271
  1253      39.0131    0.02986
  1254      39.0252    0.00024
  1255      39.0574    0.00174
  1256      39.1163    0.07269
  1257      39.1181    0.00415
  1258      39.1530    0.02613
  1259      39.1821    0.00876
  1260      39.2419    0.00000
  1261      39.2579    0.01195
  1262      39.2946    0.00820
  1263      39.2956    0.00108
  1264      39.3723    0.00023
  1265      39.3870    0.01819
  1266      39.3987    0.02486
  1267      39.4510    0.00048
  1268      39.5011    0.00002
  1269      39.5258    0.01849
  1270      39.5613    0.01817
  1271      39.6188    0.00000
  1272      39.6426    0.00529
  1273      39.6492    0.01224
  1274      39.6705    0.02617
  1275      39.7522    0.03068
  1276      39.7854    0.07578
  1277      39.8389    0.02000
  1278      39.8511    0.00017
  1279      39.8767    0.00000
  1280      39.9008    0.00000
  1281      39.9416    0.01723
  1282      39.9903    0.00000
  1283      40.0052    0.00000
  1284      40.0084    0.00783
  1285      40.1236    0.00005
  1286      40.1243    0.00000
  1287      40.1304    0.01093
  1288      40.2749    0.00981
  1289      40.2879    0.00000
  1290      40.2882    0.00887
  1291      40.4302    0.00607
  1292      40.4347    0.00391
  1293      40.4876    0.01646
  1294      40.5494    0.00960
  1295      40.6392    0.01213
  1296      40.7180    0.00126
  1297      40.7568    0.00000
  1298      40.7569    0.03602
  1299      40.7587    0.00823
  1300      40.8167    0.00384
  1301      40.8485    0.03992
  1302      40.9328    0.00000
  1303      40.9526    0.00003
  1304      40.9665    0.00000
  1305      40.9695    0.00112
  1306      40.9734    0.00554
  1307      41.0404    0.00037
  1308      41.0760    0.00021
  1309      41.0923    0.00921
  1310      41.0934    0.00000
  1311      41.1078    0.00571
  1312      41.1459    0.00180
  1313      41.2009    0.00158
  1314      41.2069    0.01903
  1315      41.2689    0.00780
  1316      41.3290    0.00030
  1317      41.4095    0.00494
  1318      41.4400    0.00545
  1319      41.4418    0.00118
  1320      41.5201    0.00000
  1321      41.5483    0.00299
  1322      41.5564    0.00459
  1323      41.5711    0.03358
  1324      41.6297    0.00000
  1325      41.6585    0.00036
  1326      41.8065    0.00000
  1327      41.8730    0.01153
  1328      41.8789    0.00000
  1329      41.9178    0.01608
  1330      41.9587    0.00066
  1331      42.0089    0.01936
  1332      42.0802    0.00984
  1333      42.0823    0.00000
  1334      42.1244    0.23443
  1335      42.2126    0.00716
  1336      42.2149    0.04913
  1337      42.2493    0.00885
  1338      42.2779    0.00494
  1339      42.3009    0.05020
  1340      42.3063    0.05148
  1341      42.3454    0.00552
  1342      42.3846    0.00234
  1343      42.4652    0.00683
  1344      42.5022    0.00000
  1345      42.5697    0.01108
  1346      42.5929    0.00000
  1347      42.6969    0.00000
  1348      42.7054    0.02317
  1349      42.7332    0.00000
  1350      42.7530    0.00796
  1351      42.8149    0.00073
  1352      42.8835    0.01264
  1353      42.9513    0.02315
  1354      43.0072    0.00343
  1355      43.0112    0.00000
  1356      43.0295    0.00658
  1357      43.0515    0.02404
  1358      43.0676    0.00000
  1359      43.1489    0.00032
  1360      43.1931    0.00206
  1361      43.2791    0.04460
  1362      43.3255    0.00000
  1363      43.3770    0.09268
  1364      43.3964    0.00000
  1365      43.4282    0.00114
  1366      43.4606    0.00000
  1367      43.4704    0.00307
  1368      43.4897    0.01863
  1369      43.5453    0.01342
  1370      43.5911    0.01956
  1371      43.6465    0.00109
  1372      43.6921    0.00002
  1373      43.7117    0.01984
  1374      43.7518    0.00138
  1375      43.8183    0.00141
  1376      43.8467    0.00107
  1377      43.8590    0.10780
  1378      43.8645    0.01532
  1379      43.9202    0.00306
  1380      43.9207    0.00000
  1381      43.9795    0.00000
  1382      44.0516    0.02476
  1383      44.1782    0.00168
  1384      44.1847    0.00000
  1385      44.2246    0.00670
  1386      44.2333    0.00000
  1387      44.2432    0.09561
  1388      44.2813    0.00000
  1389      44.2932    0.02974
  1390      44.3079    0.00086
  1391      44.3694    0.02356
  1392      44.3937    0.01718
  1393      44.4892    0.02392
  1394      44.5204    0.01599
  1395      44.5276    0.02892
  1396      44.5620    0.00000
  1397      44.5734    0.00263
  1398      44.6941    0.00457
  1399      44.7995    0.02138
  1400      44.8006    0.00000
  1401      44.8235    0.03467
  1402      44.8458    0.00000
  1403      44.9172    0.00204
  1404      44.9332    0.00285
  1405      44.9663    0.00985
  1406      44.9953    0.00181
  1407      45.0323    0.00889
  1408      45.0364    0.01294
  1409      45.0399    0.00210
  1410      45.0638    0.00132
  1411      45.1540    0.00012
  1412      45.2080    0.00002
  1413      45.2820    0.06764
  1414      45.3166    0.00141
  1415      45.3242    0.02441
  1416      45.3975    0.08803
  1417      45.4193    0.00216
  1418      45.4367    0.00000
  1419      45.4655    0.00107
  1420      45.5251    0.01252
  1421      45.5595    0.01278
  1422      45.6450    0.00000
  1423      45.7182    0.00013
  1424      45.7217    0.01277
  1425      45.7309    0.10206
  1426      45.7911    0.00619
  1427      45.8500    0.00000
  1428      45.8873    0.00362
  1429      45.9182    0.00240
  1430      45.9281    0.02691
  1431      45.9368    0.01634
  1432      45.9473    0.00000
  1433      45.9884    0.00053
  1434      46.0205    0.00272
  1435      46.0249    0.00000
  1436      46.0687    0.07570
  1437      46.1082    0.00919
  1438      46.1750    0.00000
  1439      46.2405    0.01326
  1440      46.3560    0.00074
  1441      46.4127    0.00125
  1442      46.4354    0.00087
  1443      46.4649    0.00000
  1444      46.5033    0.00000
  1445      46.5615    0.00468
  1446      46.6040    0.00734
  1447      46.6427    0.01483
  1448      46.7394    0.03703
  1449      46.7412    0.02458
  1450      46.7602    0.00005
  1451      46.7775    0.02027
  1452      46.7836    0.00000
  1453      46.8044    0.00002
  1454      46.8960    0.03389
  1455      46.9246    0.00544
  1456      46.9964    0.04240
  1457      46.9996    0.00000
  1458      47.0653    0.00000
  1459      47.0749    0.01173
  1460      47.0884    0.00152
  1461      47.1200    0.00105
  1462      47.1296    0.00000
  1463      47.2981    0.00000
  1464      47.3071    0.00199
  1465      47.3273    0.02168
  1466      47.3677    0.00245
  1467      47.5094    0.00032
  1468      47.5446    0.00000
  1469      47.5687    0.00056
  1470      47.5718    0.00029
  1471      47.5837    0.00919
  1472      47.6175    0.00003
  1473      47.6765    0.00209
  1474      47.6779    0.01065
  1475      47.7613    0.01289
  1476      47.8782    0.00000
  1477      47.9031    0.01841
  1478      47.9698    0.02893
  1479      47.9877    0.00000
  1480      47.9988    0.00166
  1481      48.0513    0.00000
  1482      48.0982    0.02985
  1483      48.1144    0.00558
  1484      48.1401    0.00000
  1485      48.2573    0.00007
  1486      48.2685    0.00312
  1487      48.3887    0.00050
  1488      48.3989    0.00009
  1489      48.4531    0.00751
  1490      48.4720    0.04918
  1491      48.4894    0.00201
  1492      48.4898    0.00582
  1493      48.5234    0.00000
  1494      48.5486    0.00271
  1495      48.5575    0.00710
  1496      48.5978    0.00087
  1497      48.6966    0.07077
  1498      48.7114    0.01144
  1499      48.7525    0.00819
  1500      48.7603    0.01001
  1501      48.7681    0.00590
  1502      48.8584    0.00058
  1503      48.8687    0.00052
  1504      48.9072    0.00000
  1505      48.9504    0.00947
  1506      48.9532    0.00000
  1507      48.9807    0.00105
  1508      49.0145    0.01338
  1509      49.0343    0.00000
  1510      49.1019    0.00000
  1511      49.1051    0.01655
  1512      49.1524    0.00000
  1513      49.1822    0.00023
  1514      49.2384    0.05036
  1515      49.2759    0.00667
  1516      49.2884    0.00761
  1517      49.3009    0.00303
  1518      49.3639    0.00000
  1519      49.4648    0.02164
  1520      49.4857    0.01177
  1521      49.5260    0.03963
  1522      49.5311    0.00005
  1523      49.5776    0.00004
  1524      49.6074    0.00050
  1525      49.6367    0.00000
  1526      49.6455    0.00167
  1527      49.6594    0.02776
  1528      49.7057    0.00092
  1529      49.7603    0.01394
  1530      49.7904    0.00021
  1531      49.8039    0.00726
  1532      49.9311    0.00000
  1533      49.9504    0.00479
  1534      49.9641    0.00327
  1535      49.9690    0.00000
  1536      49.9744    0.00067
  1537      50.0101    0.00051
  1538      50.0754    0.00005
  1539      50.2032    0.00657
  1540      50.2669    0.00860
  1541      50.3044    0.00295
  1542      50.3222    0.01559
  1543      50.3470    0.00000
  1544      50.3638    0.00111
  1545      50.3732    0.00000
  1546      50.4507    0.00000
  1547      50.4546    0.00350
  1548      50.4574    0.00238
  1549      50.5415    0.00071
  1550      50.5782    0.00002
  1551      50.6143    0.00261
  1552      50.6158    0.00076
  1553      50.6725    0.00000
  1554      50.6741    0.00348
  1555      50.7208    0.00035
  1556      50.7427    0.00002
  1557      50.7471    0.00000
  1558      50.7919    0.00044
  1559      50.9057    0.00085
  1560      50.9817    0.00624
  1561      51.0383    0.00000
  1562      51.0443    0.12655
  1563      51.0495    0.00047
  1564      51.0936    0.28057
  1565      51.1420    0.00344
  1566      51.1715    0.01122
  1567      51.2291    0.00192
  1568      51.3052    0.06622
  1569      51.3094    0.00432
  1570      51.3603    0.00000
  1571      51.4380    0.00279
  1572      51.4550    0.02363
  1573      51.4611    0.00000
  1574      51.4755    0.00370
  1575      51.5283    0.00074
  1576      51.5378    0.04758
  1577      51.5594    0.00963
  1578      51.7252    0.00241
  1579      51.7522    0.00002
  1580      51.7767    0.00696
  1581      51.8059    0.00295
  1582      51.8723    0.00191
  1583      51.9023    0.00375
  1584      51.9218    0.00000
  1585      51.9864    0.00033
  1586      52.0514    0.00005
  1587      52.0522    0.03812
  1588      52.1169    0.00004
  1589      52.1913    0.00552
  1590      52.2076    0.00584
  1591      52.2193    0.02522
  1592      52.2248    0.00000
  1593      52.3217    0.01961
  1594      52.3634    0.01910
  1595      52.3980    0.00086
  1596      52.4176    0.00282
  1597      52.4554    0.00000
  1598      52.4605    0.00006
  1599      52.4972    0.00020
  1600      52.5258    0.00833
  1601      52.5757    0.00000
  1602      52.6158    0.00128
  1603      52.6863    0.00173
  1604      52.6873    0.00638
  1605      52.7096    0.00000
  1606      52.7659    0.01772
  1607      52.7679    0.00088
  1608      52.7859    0.00812
  1609      52.8927    0.00000
  1610      52.9179    0.00000
  1611      52.9303    0.00530
  1612      52.9347    0.61476
  1613      52.9653    0.00000
  1614      52.9703    0.00649
  1615      53.0410    0.01441
  1616      53.0536    0.01149
  1617      53.0711    0.00017
  1618      53.0800    0.00000
  1619      53.0807    0.00231
  1620      53.1696    0.00206
  1621      53.1968    0.05940
  1622      53.2017    0.01898
  1623      53.2146    0.01726
  1624      53.2146    0.00223
  1625      53.3891    0.08897
  1626      53.4046    0.00000
  1627      53.4386    0.10036
  1628      53.4613    0.00071
  1629      53.5280    0.03746
  1630      53.5324    0.00052
  1631      53.5568    0.01481
  1632      53.5878    0.00099
  1633      53.6013    0.00000
  1634      53.7409    0.00000
  1635      53.7589    0.00475
  1636      53.7751    0.03680
  1637      53.7924    0.00041
  1638      53.9269    0.00000
  1639      53.9518    0.01104
  1640      54.0181    0.00188
  1641      54.0367    0.00000
  1642      54.0370    0.00019
  1643      54.1133    0.00000
  1644      54.1441    0.00293
  1645      54.1449    0.00739
  1646      54.2580    0.14867
  1647      54.3211    0.03107
  1648      54.4460    0.04195
  1649      54.4915    0.33530
  1650      54.5011    0.00044
  1651      54.5486    0.01413
  1652      54.5617    0.00028
  1653      54.6199    0.03040
  1654      54.6504    0.00016
  1655      54.7226    0.05895
  1656      54.7365    0.00000
  1657      54.7509    0.00286
  1658      54.8405    0.00000
  1659      54.9247    0.00000
  1660      54.9612    0.01200
  1661      54.9630    0.00118
  1662      55.1088    0.00004
  1663      55.1281    0.04943
  1664      55.1681    0.00000
  1665      55.2215    0.00159
  1666      55.2459    0.00365
  1667      55.2661    0.00023
  1668      55.3335    0.00578
  1669      55.3363    0.00002
  1670      55.4224    0.00243
  1671      55.4497    0.00591
  1672      55.4932    0.10589
  1673      55.5028    0.00000
  1674      55.5421    0.00069
  1675      55.5620    0.10693
  1676      55.6041    0.00275
  1677      55.6045    0.00052
  1678      55.6204    0.01885
  1679      55.6502    0.03835
  1680      55.7601    0.00000
  1681      55.7780    0.00000
  1682      55.7799    0.00151
  1683      55.7996    0.04971
  1684      55.8409    0.00433
  1685      55.8929    0.00161
  1686      55.9383    0.00000
  1687      55.9456    0.00011
  1688      55.9840    0.00000
  1689      56.0181    0.00033
  1690      56.0834    0.00089
  1691      56.0981    0.00022
  1692      56.1785    0.00399
  1693      56.1852    0.00340
  1694      56.2132    0.00212
  1695      56.2212    0.00174
  1696      56.2371    0.01240
  1697      56.3231    0.33083
  1698      56.3272    0.00000
  1699      56.3756    0.00014
  1700      56.3810    0.00918
  1701      56.4208    0.00732
  1702      56.4239    0.00381
  1703      56.4501    0.00688
  1704      56.5187    0.62996
  1705      56.5780    0.00526
  1706      56.6037    0.01488
  1707      56.6090    0.00073
  1708      56.6254    0.00375
  1709      56.6717    0.00005
  1710      56.7041    0.00521
  1711      56.7100    0.00000
  1712      56.7300    0.00004
  1713      56.7581    0.00027
  1714      56.8201    0.02388
  1715      56.8376    0.01222
  1716      57.0083    0.00187
  1717      57.0237    0.00000
  1718      57.0320    0.00420
  1719      57.0949    0.02461
  1720      57.1016    0.00000
  1721      57.1514    0.02324
  1722      57.1577    0.00041
  1723      57.1947    0.00591
  1724      57.2369    0.00136
  1725      57.2881    0.00000
  1726      57.2911    0.00402
  1727      57.3103    0.03669
  1728      57.3733    0.00008
  1729      57.4436    0.00001
  1730      57.4887    0.00238
  1731      57.4916    0.00181
  1732      57.6497    0.00201
  1733      57.6565    0.00152
  1734      57.6589    0.00173
  1735      57.6833    0.00000
  1736      57.7350    0.00143
  1737      57.8483    0.00000
  1738      57.8497    0.02562
  1739      57.9184    0.00269
  1740      57.9412    0.05283
  1741      57.9626    0.00004
  1742      57.9732    0.00000
  1743      58.0223    0.00012
  1744      58.0648    0.00000
  1745      58.0990    0.00189
  1746      58.1043    0.00000
  1747      58.1463    0.00003
  1748      58.1472    0.00031
  1749      58.2761    0.00072
  1750      58.3087    0.00937
  1751      58.3269    0.00000
  1752      58.3532    0.00297
  1753      58.4152    0.00602
  1754      58.4301    0.00001
  1755      58.4420    0.00000
  1756      58.5038    0.00032
  1757      58.7001    0.00034
  1758      58.7003    0.00017
  1759      58.7365    0.00373
  1760      58.7779    0.00125
  1761      58.8376    0.00000
  1762      58.8951    0.03907
  1763      58.8987    0.00855
  1764      58.9066    0.01609
  1765      58.9235    0.00812
  1766      59.0293    0.00325
  1767      59.0841    0.00818
  1768      59.1025    0.00000
  1769      59.1919    0.01590
  1770      59.2165    0.00797
  1771      59.2469    0.07447
  1772      59.2879    0.00273
  1773      59.2934    0.00000
  1774      59.3903    0.00000
  1775      59.3918    0.01775
  1776      59.4406    0.01412
  1777      59.6457    0.05703
  1778      59.6797    0.00000
  1779      59.6798    0.00932
  1780      59.7399    0.01022
  1781      59.7724    0.03134
  1782      59.8350    0.00000
  1783      59.8370    0.02874
  1784      59.8845    0.00265
  1785      59.9164    0.01707
  1786      59.9256    0.00000
  1787      59.9584    0.00130
  1788      60.0047    0.00000
  1789      60.0249    0.01943
  1790      60.0339    0.09991
  1791      60.1019    0.01592
  1792      60.1654    0.00373
  1793      60.2124    0.00421
  1794      60.2168    0.00284
  1795      60.2477    0.00029
  1796      60.2682    0.00000
  1797      60.3159    0.01656
  1798      60.3217    0.00478
  1799      60.3253    0.01494
  1800      60.3461    0.00793
  1801      60.3777    0.00006
  1802      60.3888    0.00027
  1803      60.4204    0.00325
  1804      60.4931    0.01473
  1805      60.5068    0.00969
  1806      60.5555    0.00196
  1807      60.6015    0.00000
  1808      60.6610    0.00423
  1809      60.7454    0.00708
  1810      60.7759    0.00643
  1811      60.7888    0.00020
  1812      60.8098    0.00981
  1813      60.8165    0.01761
  1814      60.8591    0.00000
  1815      60.8880    0.00051
  1816      60.9136    0.00394
  1817      60.9331    0.01790
  1818      60.9759    0.04099
  1819      61.0840    0.04128
  1820      61.1005    0.00897
  1821      61.1649    0.01356
  1822      61.2288    0.00093
  1823      61.2536    0.01405
  1824      61.2738    0.01806
  1825      61.3747    0.00531
  1826      61.3927    0.02172
  1827      61.3943    0.01467
  1828      61.4571    0.01734
  1829      61.4852    0.00045
  1830      61.4938    0.00027
  1831      61.5700    0.00380
  1832      61.6100    0.00104
  1833      61.6569    0.00679
  1834      61.6824    0.00342
  1835      61.7061    0.00000
  1836      61.7400    0.00000
  1837      61.7726    0.00000
  1838      61.8102    0.00422
  1839      61.9047    0.00187
  1840      61.9495    0.00000
  1841      61.9556    0.00003
  1842      61.9709    0.00000
  1843      61.9933    0.00513
  1844      62.0759    0.01874
  1845      62.1009    0.01061
  1846      62.1509    0.00000
  1847      62.1912    0.02060
  1848      62.1962    0.03866
  1849      62.2001    0.00000
  1850      62.2185    0.00000
  1851      62.2921    0.00400
  1852      62.4311    0.00381
  1853      62.4642    0.00012
  1854      62.5662    0.00017
  1855      62.5964    0.00000
  1856      62.6015    0.05414
  1857      62.6062    0.00043
  1858      62.6072    0.01156
  1859      62.6511    0.00000
  1860      62.6578    0.00019
  1861      62.7063    0.00000
  1862      62.7541    0.04508
  1863      62.7857    0.00065
  1864      62.7922    0.00000
  1865      62.8589    0.00256
  1866      62.8602    0.00577
  1867      62.9922    0.00001
  1868      63.0020    0.01427
  1869      63.1237    0.00509
  1870      63.1905    0.00014
  1871      63.2407    0.02755
  1872      63.2796    0.00000
  1873      63.3369    0.00490
  1874      63.3798    0.00000
  1875      63.4125    0.00052
  1876      63.4234    0.01349
  1877      63.5133    0.00549
  1878      63.5221    0.00789
  1879      63.5603    0.00000
  1880      63.6096    0.00000
  1881      63.6352    0.00001
  1882      63.6780    0.01969
  1883      63.6897    0.01317
  1884      63.7177    0.00472
  1885      63.7203    0.01398
  1886      63.7373    0.00000
  1887      63.7759    0.07234
  1888      63.8271    0.00446
  1889      63.8588    0.00000
  1890      63.8668    0.00831
  1891      63.9164    0.00405
  1892      63.9435    0.13263
  1893      63.9514    0.00000
  1894      63.9832    0.00253
  1895      64.0057    0.00010
  1896      64.0924    0.00048
  1897      64.0953    0.00126
  1898      64.1757    0.00132
  1899      64.2059    0.00623
  1900      64.2723    0.02437
  1901      64.3686    0.00872
  1902      64.4471    0.00009
  1903      64.4712    0.00825
  1904      64.5028    0.01066
  1905      64.5328    0.00453
  1906      64.5939    0.00045
  1907      64.6708    0.01718
  1908      64.6886    0.00000
  1909      64.6995    0.00009
  1910      64.7488    0.00000
  1911      64.7858    0.04303
  1912      64.9056    0.00118
  1913      64.9059    0.05897
  1914      64.9284    0.02391
  1915      64.9591    0.02807
  1916      64.9947    0.00040
  1917      65.0128    0.00000
  1918      65.0348    0.00713
  1919      65.0687    0.01180
  1920      65.1397    0.03122
  1921      65.2131    0.00000
  1922      65.2189    0.00868
  1923      65.2474    0.00859
  1924      65.2493    0.00047
  1925      65.3206    0.00112
  1926      65.3288    0.00610
  1927      65.4836    0.02043
  1928      65.4887    0.00000
  1929      65.5117    0.00057
  1930      65.5276    0.00000
  1931      65.5818    0.01427
  1932      65.6085    0.00011
  1933      65.6638    0.00000
  1934      65.6894    0.01876
  1935      65.7843    0.03314
  1936      65.8210    0.01039
  1937      65.8297    0.00204
  1938      66.0144    0.00012
  1939      66.0658    0.00004
  1940      66.1285    0.00967
  1941      66.1680    0.00194
  1942      66.2734    0.00000
  1943      66.3525    0.00000
  1944      66.3533    0.00730
  1945      66.3668    0.00740
  1946      66.3855    0.00163
  1947      66.4032    0.00498
  1948      66.4561    0.00128
  1949      66.4764    0.00700
  1950      66.5551    0.00000
  1951      66.5577    0.00028
  1952      66.5824    0.00000
  1953      66.6251    0.00007
  1954      66.6839    0.02851
  1955      66.7455    0.00143
  1956      66.7812    0.00089
  1957      66.8307    0.03462
  1958      66.8680    0.00082
  1959      66.8954    0.00015
  1960      66.9218    0.00759
  1961      66.9614    0.00024
  1962      66.9828    0.00000
  1963      67.0249    0.00312
  1964      67.0590    0.00504
  1965      67.1629    0.00462
  1966      67.2202    0.00000
  1967      67.2395    0.02905
  1968      67.2879    0.00266
  1969      67.3834    0.00990
  1970      67.4658    0.00448
  1971      67.4764    0.00000
  1972      67.4800    0.00069
  1973      67.5645    0.00000
  1974      67.5764    0.00014
  1975      67.6366    0.00051
  1976      67.7937    0.02305
  1977      67.8234    0.00150
  1978      67.8340    0.00019
  1979      67.8525    0.01988
  1980      67.9293    0.00832
  1981      68.0541    0.00000
  1982      68.0707    0.00600
  1983      68.0847    0.00549
  1984      68.1043    0.02044
  1985      68.1840    0.01980
  1986      68.2253    0.00291
  1987      68.2275    0.00098
  1988      68.2717    0.00011
  1989      68.3050    0.00010
  1990      68.3181    0.00828
  1991      68.3505    0.04296
  1992      68.4157    0.00484
  1993      68.5045    0.04963
  1994      68.5530    0.00496
  1995      68.6555    0.00011
  1996      68.6776    0.00000
  1997      68.6938    0.00538
  1998      68.7783    0.00000
  1999      68.8521    0.00129
  2000      68.8599    0.00007
  2001      68.9013    0.00062
  2002      68.9616    0.00175
  2003      68.9794    0.00011
  2004      69.0276    0.00000
  2005      69.0453    0.00013
  2006      69.1861    0.00019
  2007      69.2043    0.00082
  2008      69.2751    0.00000
  2009      69.3745    0.00275
  2010      69.4115    0.00021
  2011      69.4190    0.00068
  2012      69.5006    0.00120
  2013      69.5289    0.00000
  2014      69.5503    0.00170
  2015      69.5639    0.00068
  2016      69.6056    0.00230
  2017      69.6669    0.00000
  2018      69.6820    0.00804
  2019      69.7158    0.00310
  2020      69.7892    0.00140
  2021      69.8480    0.00000
  2022      69.9064    0.00003
  2023      69.9536    0.00078
  2024      70.0144    0.00225
  2025      70.0285    0.00385
  2026      70.2223    0.00964
  2027      70.4951    0.00000
  2028      70.5245    0.00689
  2029      70.5615    0.00291
  2030      70.7343    0.00352
  2031      70.8056    0.01941
  2032      70.8734    0.01907
  2033      70.9548    0.00111
  2034      70.9850    0.00000
  2035      71.0280    0.00133
  2036      71.0748    0.00013
  2037      71.2637    0.01739
  2038      71.2639    0.00301
  2039      71.2666    0.00000
  2040      71.3148    0.01791
  2041      71.3981    0.00385
  2042      71.4317    0.00622
  2043      71.4790    0.00019
  2044      71.5767    0.00000
  2045      71.5784    0.00313
  2046      71.6235    0.00000
  2047      71.6283    0.01488
  2048      71.6913    0.00571
  2049      71.7497    0.00135
  2050      71.8215    0.00000
  2051      71.9552    0.00099
  2052      72.0233    0.00000
  2053      72.0405    0.00461
  2054      72.1824    0.00703
  2055      72.2214    0.01298
  2056      72.2496    0.02182
  2057      72.3232    0.00225
  2058      72.3272    0.00057
  2059      72.3775    0.00696
  2060      72.3808    0.00000
  2061      72.4020    0.00945
  2062      72.5178    0.06990
  2063      72.5533    0.00686
  2064      72.6350    0.00012
  2065      72.6417    0.00000
  2066      72.7000    0.00000
  2067      72.9084    0.00000
  2068      72.9762    0.02628
  2069      72.9874    0.00018
  2070      73.0157    0.00054
  2071      73.0326    0.00362
  2072      73.2088    0.00223
  2073      73.2657    0.00099
  2074      73.3128    0.00014
  2075      73.3472    0.00000
  2076      73.4264    0.00000
  2077      73.5003    0.00000
  2078      73.6297    0.00000
  2079      73.6778    0.00893
  2080      73.7377    0.06063
  2081      73.7733    0.00026
  2082      73.9196    0.00124
  2083      74.0020    0.00000
  2084      74.0568    0.00000
  2085      74.0726    0.00572
  2086      74.0767    0.00016
  2087      74.1565    0.00019
  2088      74.1686    0.00000
  2089      74.2069    0.00403
  2090      74.2116    0.00004
  2091      74.3291    0.03206
  2092      74.3632    0.00342
  2093      74.4611    0.05542
  2094      74.4800    0.00000
  2095      74.7552    0.00028
  2096      74.7970    0.00003
  2097      74.9128    0.00034
  2098      74.9294    0.00066
  2099      75.3433    0.00000
  2100      75.3886    0.00507
  2101      75.5083    0.00088
  2102      75.5123    0.01084
  2103      75.5181    0.00000
  2104      75.6359    0.00001
  2105      75.7579    0.03140
  2106      75.7598    0.00211
  2107      75.7913    0.00000
  2108      75.8598    0.00018
  2109      75.9626    0.00022
  2110      75.9729    0.00091
  2111      76.0327    0.00001
  2112      76.1289    0.00943
  2113      76.1840    0.00004
  2114      76.2715    0.00290
  2115      76.5969    0.00102
  2116      76.6181    0.01629
  2117      76.6470    0.00441
  2118      76.7227    0.01513
  2119      76.7561    0.00003
  2120      76.8832    0.00039
  2121      77.0051    0.00087
  2122      77.1327    0.00425
  2123      77.1584    0.00010
  2124      77.1909    0.00025
  2125      77.2032    0.00000
  2126      77.2763    0.00279
  2127      77.3927    0.00479
  2128      77.4472    0.00012
  2129      77.6193    0.00220
  2130      77.6345    0.00000
  2131      77.7742    0.01901
  2132      77.8625    0.00000
  2133      77.8793    0.02050
  2134      77.9137    0.00180
  2135      78.0459    0.00390
  2136      78.0527    0.02519
  2137      78.0767    0.00559
  2138      78.2630    0.00000
  2139      78.3378    0.00018
  2140      78.4542    0.00504
  2141      78.5190    0.00086
  2142      78.6588    0.00000
  2143      78.8090    0.00020
  2144      78.8197    0.00007
  2145      78.8594    0.06494
  2146      78.8735    0.00762
  2147      78.9483    0.00087
  2148      78.9758    0.00813
  2149      79.1746    0.11194
  2150      79.2062    0.00000
  2151      79.2216    0.00767
  2152      79.2561    0.00987
  2153      79.3505    0.00269
  2154      79.4539    0.00135
  2155      79.4942    0.01195
  2156      79.5304    0.01529
  2157      79.6717    0.00001
  2158      79.7060    0.02491
  2159      79.9297    0.00086
  2160      80.2355    0.00194
  2161      80.2467    0.04798
  2162      80.2895    0.01323
  2163      80.2940    0.00475
  2164      80.4134    0.00126
  2165      80.4732    0.00023
  2166      80.4866    0.00000
  2167      80.7526    0.00566
  2168      80.8009    0.00001
  2169      80.9361    0.00627
  2170      80.9946    0.00095
  2171      81.1946    0.00225
  2172      81.3009    0.00275
  2173      81.3474    0.00215
  2174      81.4161    0.01251
  2175      81.7325    0.01960
  2176      81.9559    0.00000
  2177      82.0084    0.00000
  2178      82.0731    0.00575
  2179      82.0847    0.00071
  2180      82.1171    0.00006
  2181      82.1635    0.00410
  2182      82.2261    0.00000
  2183      82.2570    0.00238
  2184      82.5359    0.00273
  2185      82.5880    0.00000
  2186      82.7170    0.01463
  2187      82.7614    0.00103
  2188      82.8232    0.01321
  2189      83.1736    0.00068
  2190      83.2273    0.00000
  2191      83.2695    0.00279
  2192      83.4010    0.00005
  2193      83.4811    0.00024
  2194      83.5874    0.00288
  2195      83.6509    0.00205
  2196      83.8589    0.00000
  2197      83.9049    0.01545
  2198      83.9517    0.00454
  2199      84.0016    0.01039
  2200      84.1480    0.00122
  2201      84.1566    0.00106
  2202      84.2841    0.00000
  2203      84.4289    0.00000
  2204      84.4487    0.00161
  2205      84.6130    0.00000
  2206      84.8424    0.00168
  2207      84.8614    0.00577
  2208      84.9260    0.00122
  2209      84.9971    0.00040
  2210      85.0906    0.00000
  2211      85.1537    0.00543
  2212      85.2173    0.00074
  2213      85.3080    0.00000
  2214      85.3847    0.00463
  2215      85.4299    0.00372
  2216      85.5314    0.00673
  2217      85.7538    0.04816
  2218      86.1063    0.00000
  2219      86.2178    0.00018
  2220      86.3157    0.00421
  2221      86.3614    0.01300
  2222      86.4391    0.00217
  2223      86.6060    0.00559
  2224      86.7207    0.00001
  2225      86.8033    0.01963
  2226      87.1943    0.00129
  2227      87.2385    0.00907
  2228      87.3901    0.00056
  2229      87.5687    0.00002
  2230      87.6129    0.00000
  2231      87.6593    0.00094
  2232      88.0051    0.00002
  2233      88.2487    0.00274
  2234      88.4345    0.00006
  2235      88.4620    0.01543
  2236      88.5324    0.00023
  2237      88.6307    0.00012
  2238      88.7389    0.00952
  2239      88.8167    0.04204
  2240      88.8591    0.01087
  2241      89.2856    0.00199
  2242      89.3375    0.00389
  2243      89.3831    0.00251
  2244      89.7932    0.00152
  2245      89.8814    0.00000
  2246      89.8956    0.00223
  2247      89.9308    0.00026
  2248      89.9554    0.00000
  2249      89.9942    0.01474
  2250      90.0583    0.00000
  2251      90.1123    0.00164
  2252      90.1325    0.00004
  2253      90.2154    0.00084
  2254      90.3778    0.00055
  2255      90.4344    0.00000
  2256      90.4422    0.00854
  2257      90.4582    0.00012
  2258      90.7580    0.00000
  2259      90.7892    0.00216
  2260      90.8090    0.00002
  2261      90.8490    0.00024
  2262      90.9047    0.00007
  2263      91.0366    0.00787
  2264      91.0722    0.00000
  2265      91.1056    0.00258
  2266      91.2117    0.02154
  2267      91.7033    0.06337
  2268      91.7313    0.00233
  2269      91.7969    0.00002
  2270      92.3221    0.01375
  2271      92.4664    0.00000
  2272      92.5520    0.00415
  2273      92.7084    0.00495
  2274      92.7767    0.00507
  2275      93.1267    0.00097
  2276      93.1471    0.00000
  2277      93.4144    0.00090
  2278      93.4589    0.00756
  2279      93.4913    0.00000
  2280      93.5503    0.00026
  2281      93.6987    0.00013
  2282      93.8094    0.00032
  2283      93.8212    0.00000
  2284      93.9380    0.00000
  2285      93.9904    0.00093
  2286      94.0138    0.00000
  2287      94.0938    0.01619
  2288      94.1573    0.00316
  2289      94.2670    0.00061
  2290      94.4017    0.00581
  2291      94.4051    0.00000
  2292      94.7044    0.01873
  2293      94.9658    0.00218
  2294      95.1004    0.00118
  2295      95.1005    0.00150
  2296      95.2266    0.00084
  2297      95.3444    0.00042
  2298      95.6203    0.00199
  2299      95.7991    0.00010
  2300      95.8748    0.00087
  2301      95.9834    0.00154
  2302      96.2194    0.02179
  2303      96.4621    0.00000
  2304      96.5267    0.00089
  2305      96.6118    0.00072
  2306      96.6718    0.00000
  2307      96.7338    0.00182
  2308      96.7986    0.00452
  2309      96.8509    0.00100
  2310      96.9519    0.00017
  2311      97.1590    0.00827
  2312      97.2780    0.01386
  2313      97.2835    0.00134
  2314      97.3527    0.00007
  2315      97.4381    0.01142
  2316      97.5133    0.00382
  2317      97.5625    0.00101
  2318      97.5752    0.00332
  2319      97.6198    0.00012
  2320      97.6970    0.00000
  2321      97.7214    0.00005
  2322      98.0463    0.00894
  2323      98.3470    0.00079
  2324      98.4631    0.00514
  2325      98.5411    0.00024
  2326      98.8343    0.00028
  2327      98.8511    0.00005
  2328      99.0302    0.00002
  2329      99.3645    0.00229
  2330     100.0082    0.00094
  2331     100.1116    0.03055
  2332     100.2161    0.00427
  2333     100.4030    0.00624
  2334     100.4135    0.01022
  2335     100.8178    0.00241
  2336     101.0675    0.00000
  2337     101.1240    0.00569
  2338     101.2159    0.00540
  2339     101.2799    0.00139
  2340     101.3497    0.00876
  2341     101.3656    0.00890
  2342     101.5261    0.00000
  2343     101.5574    0.00062
  2344     101.5590    0.00048
  2345     101.5915    0.00019
  2346     101.7173    0.00009
  2347     101.7271    0.00063
  2348     102.2568    0.00064
  2349     102.2646    0.00412
  2350     102.3719    0.00684
  2351     102.5088    0.00138
  2352     102.9348    0.00000
  2353     103.0219    0.00682
  2354     103.0835    0.00018
  2355     103.3754    0.00006
  2356     103.6246    0.00005
  2357     103.6723    0.00391
  2358     103.8750    0.00736
  2359     104.0705    0.00586
  2360     104.0996    0.00000
  2361     104.6170    0.00002
  2362     104.6829    0.00206
  2363     104.9368    0.00026
  2364     104.9743    0.00013
  2365     105.1859    0.00299
  2366     105.2072    0.00019
  2367     105.2969    0.00035
  2368     105.3735    0.00748
  2369     105.4186    0.00000
  2370     105.4981    0.00893
  2371     105.8050    0.00213
  2372     105.9180    0.00660
  2373     106.1285    0.00004
  2374     106.5512    0.00509
  2375     106.7239    0.00027
  2376     106.8308    0.02285
  2377     106.8411    0.00001
  2378     107.7851    0.00035
  2379     107.9149    0.00615
  2380     108.0468    0.00199
  2381     108.4852    0.00088
  2382     108.5932    0.00000
  2383     108.6597    0.00101
  2384     108.7202    0.00001
  2385     108.8050    0.00039
  2386     108.9713    0.00151
  2387     109.6188    0.00039
  2388     109.7146    0.01456
  2389     109.7837    0.00039
  2390     109.8847    0.00582
  2391     110.2986    0.00997
  2392     110.3330    0.00151
  2393     110.5151    0.01973
  2394     110.7195    0.00219
  2395     111.2568    0.00004
  2396     111.6353    0.00041
  2397     111.6913    0.00074
  2398     111.9249    0.00151
  2399     112.5311    0.00063
  2400     112.9259    0.00060
  2401     113.3753    0.00014
  2402     113.4359    0.00071
  2403     113.8961    0.00571
  2404     114.4321    0.00200
  2405     114.5226    0.00026
  2406     115.9663    0.00008
  2407     116.1155    0.00002
  2408     116.2285    0.00090
  2409     116.5874    0.00853
  2410     118.2044    0.00051
  2411     119.4141    0.00014
  2412     119.7980    0.00261
  2413     120.9863    0.00000
  2414     121.0345    0.00213
  2415     121.6442    0.00072
  2416     121.7289    0.00568
  2417     122.7444    0.00004
  2418     124.5339    0.00081
  2419     124.6969    0.00290
  2420     125.0325    0.00074
  2421     125.7718    0.00180
  2422     126.7198    0.00174
  2423     127.6212    0.00002
  2424     128.2220    0.00005
  2425     129.6459    0.00000
  2426     132.3946    0.00001
  2427     132.4796    0.00028
  2428     136.2465    0.00072
  2429     137.1531    0.00000
  2430     141.1480    0.00000
  2431     295.5651    0.05490
  2432     296.4460    0.10273
  2433     296.4640    0.00011
  2434     296.8513    0.00003
  2435     296.8703    0.12495
  2436     297.3733    0.00000
  2437     297.4076    0.00019
  2438     297.4556    0.00000
  2439     298.2121    0.00798
  2440     298.4175    0.00217
  2441     298.4379    0.00000
  2442     298.5697    0.01063
  2443     298.6177    0.00327
  2444     299.2996    0.00000
  2445     299.3926    0.00303
  2446     299.5674    0.00105
  2447     299.5736    0.00206
  2448     299.6283    0.00260
  2449     299.6674    0.00303
  2450     299.6956    0.01227
  2451     299.7550    0.00136
  2452     299.8194    0.00020
  2453     299.8217    0.00000
  2454     299.8941    0.01102
  2455     300.0462    0.00178
  2456     300.1308    0.00001
  2457     300.2783    0.00134
  2458     300.3026    0.00246
  2459     300.3547    0.00209
  2460     300.3892    0.00035
  2461     300.4324    0.00004
  2462     300.4437    0.00220
  2463     300.4696    0.00365
  2464     300.6161    0.00879
  2465     300.6348    0.00043
  2466     300.7035    0.00001
  2467     300.7308    0.00023
  2468     300.7317    0.00004
  2469     300.7992    0.00720
  2470     300.8531    0.00000
  2471     300.9429    0.00678
  2472     300.9485    0.00000
  2473     301.1147    0.00013
  2474     301.1177    0.00554
  2475     301.1902    0.00109
  2476     301.2243    0.00000
  2477     301.2266    0.00190
  2478     301.2295    0.00123
  2479     301.2494    0.00062
  2480     301.2550    0.01174
  2481     301.2813    0.00229
  2482     301.2963    0.00124
  2483     301.3405    0.00000
  2484     301.4149    0.00109
  2485     301.4612    0.00077
  2486     301.4670    0.00001
  2487     301.5045    0.00059
  2488     301.5312    0.00096
  2489     301.7138    0.00115
  2490     301.7305    0.00043
  2491     301.8175    0.00000
  2492     301.8451    0.00022
  2493     301.9934    0.00049
  2494     302.0370    0.00006
  2495     302.0773    0.00002
  2496     302.0802    0.00006
  2497     302.0830    0.00700
  2498     302.0965    0.00050
  2499     302.1939    0.00286
  2500     302.1981    0.00000
  2501     302.2069    0.00001
  2502     302.2106    0.01050
  2503     302.2167    0.00134
  2504     302.2415    0.00000
  2505     302.2536    0.00050
  2506     302.2723    0.00010
  2507     302.2762    0.00262
  2508     302.2844    0.00307
  2509     302.3524    0.00000
  2510     302.3709    0.00132
  2511     302.3787    0.00462
  2512     302.3797    0.00228
  2513     302.4027    0.00866
  2514     302.4064    0.00006
  2515     302.4990    0.00141
  2516     302.6285    0.00852
  2517     302.6320    0.00086
  2518     302.6326    0.00006
  2519     302.6670    0.00188
  2520     302.6726    0.00022
  2521     302.7614    0.00074
  2522     302.8741    0.00010
  2523     302.9139    0.00114
  2524     302.9201    0.01778
  2525     302.9272    0.00282
  2526     302.9282    0.00002
  2527     302.9589    0.00077
  2528     303.0258    0.00191
  2529     303.0373    0.00111
  2530     303.0752    0.00023
  2531     303.0850    0.00000
  2532     303.0980    0.00000
  2533     303.1005    0.00058
  2534     303.1569    0.01348
  2535     303.2626    0.00001
  2536     303.2759    0.00300
  2537     303.2977    0.00019
  2538     303.2983    0.00029
  2539     303.3412    0.00037
  2540     303.3836    0.00185
  2541     303.4415    0.00038
  2542     303.4866    0.00167
  2543     303.6103    0.00008
  2544     303.7345    0.00046
  2545     303.7381    0.00101
  2546     303.8074    0.00868
  2547     303.8223    0.00605
  2548     303.9003    0.00018
  2549     303.9824    0.00015
  2550     304.0282    0.00081
  2551     304.1049    0.00399
  2552     304.1542    0.00246
  2553     304.1595    0.00000
  2554     304.2210    0.00113
  2555     304.2259    0.00859
  2556     304.3308    0.00016
  2557     304.3577    0.00035
  2558     304.4936    0.00000
  2559     304.5090    0.01566
  2560     304.5846    0.00007
  2561     304.6772    0.00206
  2562     304.6815    0.00374
  2563     304.7351    0.00061
  2564     304.7455    0.00099
  2565     304.8046    0.00200
  2566     304.8096    0.00410
  2567     304.9358    0.00002
  2568     304.9610    0.00254
  2569     305.0883    0.00000
  2570     305.1021    0.00200
  2571     305.1079    0.00015
  2572     305.1265    0.00003
  2573     305.1671    0.01177
  2574     305.1850    0.00071
  2575     305.2499    0.00212
  2576     305.3048    0.00428
  2577     305.3065    0.00398
  2578     305.3335    0.00352
  2579     305.3465    0.00903
  2580     305.3561    0.00676
  2581     305.3972    0.00000
  2582     305.4043    0.00015
  2583     305.4121    0.00559
  2584     305.4176    0.00755
  2585     305.4335    0.00004
  2586     305.4934    0.00126
  2587     305.6535    0.00346
  2588     305.7843    0.00675
  2589     305.7969    0.00094
  2590     305.8038    0.00009
  2591     305.8662    0.00488
  2592     305.8682    0.00000
  2593     305.9038    0.00595
  2594     305.9114    0.00024
  2595     306.0350    0.00688
  2596     306.0675    0.00981
  2597     306.2120    0.00001
  2598     306.2235    0.00180
  2599     306.3466    0.00119
  2600     306.3600    0.00673
  2601     306.3675    0.02637
  2602     306.3982    0.00213
  2603     306.4088    0.00039
  2604     306.4322    0.00156
  2605     306.4741    0.00335
  2606     306.4852    0.00405
  2607     306.5440    0.00355
  2608     306.5519    0.00765
  2609     306.7362    0.00001
  2610     306.7417    0.00031
  2611     306.8078    0.00023
  2612     306.8400    0.00439
  2613     307.0639    0.00397
  2614     307.1139    0.00206
  2615     307.1825    0.00126
  2616     307.2534    0.00010
  2617     307.2674    0.00600
  2618     307.3194    0.00043
  2619     307.4015    0.00091
  2620     307.4685    0.00629
  2621     307.5068    0.00207
  2622     307.5224    0.01273
  2623     307.5485    0.00000
  2624     307.5794    0.02020
  2625     307.6036    0.01000
  2626     307.6544    0.00321
  2627     307.6734    0.00586
  2628     307.6900    0.01598
  2629     307.6935    0.04024
  2630     307.7335    0.00000
  2631     307.7716    0.00000
  2632     308.0015    0.00005
  2633     308.0233    0.00123
  2634     308.0488    0.00463
  2635     308.2473    0.00000
  2636     308.3287    0.00658
  2637     308.3476    0.00002
  2638     308.3787    0.00328
  2639     308.4395    0.00002
  2640     308.4488    0.02102
  2641     308.4671    0.00624
  2642     308.4943    0.01609
  2643     308.8465    0.00113
  2644     308.8552    0.00162
  2645     308.9400    0.00257
  2646     308.9460    0.00457
  2647     309.0993    0.00809
  2648     309.1026    0.02012
  2649     309.1738    0.00895
  2650     309.1751    0.02269
  2651     309.2285    0.00002
  2652     309.2325    0.00352
  2653     309.2449    0.00176
  2654     309.2804    0.00112
  2655     309.2872    0.00449
  2656     309.3544    0.00000
  2657     309.3892    0.01577
  2658     309.4918    0.00000
  2659     309.7805    0.00048
  2660     309.8198    0.00035
  2661     309.8201    0.01374
  2662     309.8539    0.03474
  2663     309.8801    0.00214
  2664     309.9074    0.00000
  2665     309.9805    0.00038
  2666     310.0346    0.00000
  2667     310.2159    0.00116
  2668     310.2270    0.00004
  2669     310.2973    0.00063
  2670     310.4175    0.00015
  2671     310.4510    0.00000
  2672     310.4988    0.01754
  2673     310.5181    0.00000
  2674     310.6133    0.00163
  2675     310.6172    0.03615
  2676     310.8036    0.00170
  2677     310.8426    0.00000
  2678     310.8958    0.00011
  2679     310.8984    0.00098
  2680     310.9438    0.00107
  2681     310.9909    0.00000
  2682     311.0806    0.00618
  2683     311.0842    0.00085
  2684     311.1426    0.00011
  2685     311.2933    0.00001
  2686     311.2980    0.00000
  2687     311.3072    0.00017
  2688     311.3108    0.00037
  2689     311.3187    0.00150
  2690     311.3535    0.00002
  2691     311.4708    0.00215
  2692     311.4840    0.00328
  2693     311.6923    0.00654
  2694     311.8069    0.00053
  2695     311.8169    0.00269
  2696     311.8463    0.00482
  2697     311.9109    0.00000
  2698     312.0342    0.00265
  2699     312.0585    0.00001
  2700     312.0930    0.00000
  2701     312.1732    0.00004
  2702     312.2926    0.00159
  2703     312.3348    0.00189
  2704     312.3743    0.02665
  2705     312.4150    0.00159
  2706     312.5117    0.00959
  2707     312.5890    0.00069
  2708     312.7425    0.00071
  2709     312.8213    0.00030
  2710     312.8299    0.06546
  2711     312.8376    0.00002
  2712     312.9161    0.01083
  2713     313.0455    0.00547
  2714     313.1028    0.00024
  2715     313.2100    0.00026
  2716     313.3605    0.00000
  2717     313.4073    0.00000
  2718     313.4218    0.00170
  2719     313.4491    0.00350
  2720     313.4691    0.00000
  2721     313.4930    0.00263
  2722     313.5053    0.00075
  2723     313.5077    0.00261
  2724     313.7241    0.00008
  2725     313.7979    0.00720
  2726     313.9601    0.00054
  2727     314.0227    0.00031
  2728     314.0352    0.00025
  2729     314.0383    0.03823
  2730     314.1128    0.01173
  2731     314.2190    0.01101
  2732     314.2300    0.00858
  2733     314.2614    0.00030
  2734     314.2626    0.00381
  2735     314.3044    0.00188
  2736     314.3610    0.00102
  2737     314.3666    0.02058
  2738     314.3941    0.00001
  2739     314.4721    0.00001
  2740     314.4984    0.00822
  2741     314.6865    0.00308
  2742     314.7640    0.00507
  2743     314.7851    0.01247
  2744     314.8175    0.00260
  2745     314.8291    0.00042
  2746     314.9592    0.01145
  2747     314.9777    0.00068
  2748     315.0573    0.00000
  2749     315.0947    0.00009
  2750     315.1408    0.00574
  2751     315.2211    0.00066
  2752     315.2551    0.01285
  2753     315.2912    0.00431
  2754     315.3136    0.00315
  2755     315.3644    0.01205
  2756     315.4187    0.00042
  2757     315.5040    0.00000
  2758     315.5221    0.00628
  2759     315.5239    0.00077
  2760     315.5381    0.01265
  2761     315.5565    0.03614
  2762     315.5808    0.00042
  2763     315.7495    0.01929
  2764     315.7738    0.01700
  2765     315.8396    0.00398
  2766     315.8454    0.00004
  2767     315.8905    0.00004
  2768     315.8996    0.00451
  2769     316.1014    0.00000
  2770     316.1421    0.00001
  2771     316.1815    0.01777
  2772     316.2147    0.00195
  2773     316.2311    0.04055
  2774     316.2317    0.00837
  2775     316.3059    0.01084
  2776     316.4235    0.00000
  2777     316.4757    0.00000
  2778     316.6608    0.00000
  2779     316.7418    0.00291
  2780     316.7622    0.00013
  2781     316.8104    0.00035
  2782     316.8843    0.00066
  2783     316.9317    0.00038
  2784     317.0615    0.00731
  2785     317.0670    0.00976
  2786     317.1521    0.00082
  2787     317.1820    0.00590
  2788     317.2027    0.00485
  2789     317.2254    0.00000
  2790     317.2304    0.00115
  2791     317.2420    0.02482
  2792     317.3142    0.01643
  2793     317.4806    0.00009
  2794     317.6154    0.00366
  2795     317.6255    0.00240
  2796     317.7537    0.00088
  2797     317.8120    0.00015
  2798     317.8367    0.00000
  2799     317.8902    0.03422
  2800     318.1210    0.00221
  2801     318.2460    0.00016
  2802     318.2768    0.00449
  2803     318.4314    0.00453
  2804     318.4598    0.00085
  2805     318.5835    0.00276
  2806     318.6161    0.00334
  2807     318.6666    0.01360
  2808     318.7141    0.00003
  2809     318.7451    0.01059
  2810     318.7459    0.00101
  2811     318.7459    0.00000
  2812     318.7487    0.00742
  2813     318.8171    0.00022
  2814     318.8183    0.00029
  2815     319.1231    0.00000
  2816     319.1310    0.01490
  2817     319.1464    0.00006
  2818     319.1959    0.00052
  2819     319.2545    0.00005
  2820     319.2613    0.02894
  2821     319.3258    0.00097
  2822     319.3594    0.00542
  2823     319.3661    0.01187
  2824     319.4218    0.00000
  2825     319.4805    0.00000
  2826     319.5762    0.01334
  2827     319.5995    0.00000
  2828     319.6331    0.00035
  2829     319.6551    0.00331
  2830     319.8163    0.01622
  2831     320.1438    0.00276
  2832     320.1629    0.00000
  2833     320.3254    0.03259
  2834     320.3299    0.00538
  2835     320.6226    0.00000
  2836     320.6353    0.00042
  2837     320.6751    0.00216
  2838     320.7059    0.01204
  2839     320.7492    0.00010
  2840     320.9624    0.00005
  2841     321.0481    0.00010
  2842     321.1663    0.00000
  2843     321.2178    0.00335
  2844     321.2631    0.02456
  2845     321.4091    0.00000
  2846     321.4230    0.00073
  2847     321.4699    0.00009
  2848     321.5305    0.00197
  2849     321.5683    0.00078
  2850     321.6181    0.00035
  2851     321.6757    0.00725
  2852     321.7065    0.00000
  2853     321.7246    0.00114
  2854     321.7896    0.00942
  2855     321.7935    0.02505
  2856     321.8227    0.00000
  2857     322.3096    0.00213
  2858     322.3315    0.01986
  2859     322.7118    0.00000
  2860     322.7717    0.00029
  2861     323.5657    0.00725
  2862     323.8312    0.00476
  2863     323.8451    0.00306
  2864     323.8725    0.00000
  2865     323.9016    0.02073
  2866     323.9667    0.00249
  2867     323.9936    0.00786
  2868     324.1539    0.00107
  2869     324.2120    0.02411
  2870     324.2195    0.00000
  2871     324.2474    0.00000
  2872     324.2802    0.00000
  2873     324.2915    0.00164
  2874     324.3253    0.00000
  2875     324.3659    0.01590
  2876     324.3741    0.01284
  2877     324.4184    0.00553
  2878     324.4555    0.00110
  2879     324.4711    0.00159
  2880     324.4765    0.00442
  2881     324.5357    0.00429
  2882     325.2262    0.00317
  2883     325.2470    0.00185
  2884     325.5911    0.00000
  2885     325.6431    0.00306
  2886     325.6554    0.00044
  2887     325.8438    0.01222
  2888     326.0280    0.01354
  2889     326.0806    0.00001
  2890     326.6013    0.00000
  2891     326.6665    0.01372
  2892     327.2029    0.00000
  2893     327.2184    0.00007
  2894     327.2604    0.02080
  2895     327.2750    0.00585
  2896     327.4612    0.00004
  2897     327.4650    0.00000
  2898     327.5418    0.00000
  2899     328.1081    0.00098
  2900     328.1697    0.00000
  2901     328.9549    0.01098
  2902     329.0268    0.00059
  2903     329.1837    0.01530
  2904     329.2435    0.00015
  2905     329.3750    0.01534
  2906     329.4258    0.03644
  2907     329.4356    0.00699
  2908     329.4741    0.01399
  2909     330.1205    0.02539
  2910     330.9061    0.00238
  2911     330.9380    0.02251
  2912     331.1385    0.00394
  2913     331.2016    0.00119
  2914     331.6072    0.00061
  2915     331.8639    0.00592
  2916     331.9099    0.00086
  2917     331.9177    0.00262
  2918     331.9584    0.01244
  2919     332.4777    0.00000
  2920     332.8497    0.00308
  2921     332.8975    0.00205
  2922     332.9398    0.00045
  2923     333.0090    0.00327
  2924     333.0172    0.00000
  2925     333.2453    0.00005
  2926     333.3577    0.00094
  2927     333.4410    0.00028
  2928     333.5446    0.00000
  2929     333.6216    0.00099
  2930     334.1151    0.00000
  2931     334.1336    0.01177
  2932     334.3015    0.00478
  2933     334.3640    0.00637
  2934     334.4241    0.00975
  2935     334.7977    0.00178
  2936     334.8167    0.00000
  2937     334.8900    0.01065
  2938     334.9048    0.01006
  2939     335.1268    0.00958
  2940     335.1412    0.00453
  2941     335.3516    0.00775
  2942     335.4616    0.00340
  2943     335.4807    0.00206
  2944     335.4994    0.01083
  2945     335.7293    0.00605
  2946     335.9406    0.00045
  2947     335.9974    0.00336
  2948     336.2264    0.00128
  2949     336.2531    0.00137
  2950     336.3288    0.00000
  2951     336.4144    0.00156
  2952     336.4422    0.00323
  2953     336.4437    0.00118
  2954     336.6102    0.00015
  2955     336.6133    0.00000
  2956     336.7417    0.00198
  2957     336.7718    0.00001
  2958     336.7875    0.00040
  2959     336.8341    0.00395
  2960     336.8441    0.00000
  2961     336.8604    0.00470
  2962     337.1534    0.00021
  2963     337.1565    0.00154
  2964     337.1704    0.00419
  2965     337.1808    0.00334
  2966     337.5717    0.01064
  2967     337.6167    0.00015
  2968     337.6970    0.00002
  2969     337.9362    0.00000
  2970     337.9382    0.00014
  2971     338.0110    0.00000
  2972     338.0143    0.00420
  2973     338.0458    0.00080
  2974     338.1160    0.00008
  2975     338.1210    0.00003
  2976     338.1380    0.00016
  2977     338.1695    0.00003
  2978     338.5298    0.00000
  2979     338.6126    0.00029
  2980     338.7260    0.00000
  2981     338.7490    0.00762
  2982     338.7593    0.00249
  2983     339.1197    0.00019
  2984     339.1627    0.00341
  2985     339.3132    0.00078
  2986     339.3910    0.00395
  2987     339.4659    0.00398
  2988     339.5273    0.00000
  2989     339.9296    0.00424
  2990     339.9844    0.00465
  2991     340.0815    0.00084
  2992     340.1118    0.00459
  2993     340.2815    0.00495
  2994     340.3046    0.00000
  2995     340.3363    0.00118
  2996     340.3457    0.00014
  2997     340.3569    0.00000
  2998     340.4335    0.00006
  2999     340.6649    0.00048
  3000     340.7516    0.00195
  3001     340.8475    0.00018
  3002     340.9625    0.00361
  3003     340.9636    0.00034
  3004     340.9911    0.00203
  3005     341.0059    0.00639
  3006     341.0413    0.00052
  3007     341.0751    0.00000
  3008     341.4046    0.00444
  3009     341.4298    0.00021
  3010     341.5508    0.00002
  3011     341.5572    0.00002
  3012     342.1332    0.01183
  3013     342.1807    0.00028
  3014     342.2048    0.00093
  3015     342.3030    0.00987
  3016     342.4311    0.00468
  3017     342.4388    0.00062
  3018     342.4771    0.00271
  3019     342.4915    0.00875
  3020     342.4957    0.00233
  3021     342.5164    0.00000
  3022     342.5532    0.00000
  3023     343.0229    0.01700
  3024     343.0570    0.00000
  3025     343.1292    0.00000
  3026     343.1776    0.00266
  3027     343.5730    0.00591
  3028     343.7011    0.00000
  3029     343.8094    0.00374
  3030     343.8473    0.01325
  3031     343.8629    0.00300
  3032     343.9037    0.00033
  3033     344.4031    0.00144
  3034     344.4191    0.00000
  3035     344.6432    0.00000
  3036     344.6832    0.00006
  3037     344.7005    0.00405
  3038     344.7705    0.00061
  3039     344.8059    0.00267
  3040     344.9408    0.00258
  3041     345.0265    0.00001
  3042     345.4532    0.00121
  3043     345.4972    0.00000
  3044     345.5454    0.00041
  3045     345.5873    0.00128
  3046     346.0571    0.00080
  3047     346.1405    0.00849
  3048     346.2111    0.00705
  3049     346.7444    0.00013
  3050     346.8211    0.00252
  3051     346.8718    0.00901
  3052     346.9312    0.00386
  3053     346.9611    0.00054
  3054     347.0924    0.00194
  3055     347.1647    0.00352
  3056     347.2652    0.00000
  3057     347.3082    0.00382
  3058     347.6045    0.00835
  3059     347.6825    0.00564
  3060     348.0346    0.00016
  3061     348.0880    0.00119
  3062     348.1267    0.00252
  3063     348.1673    0.01062
  3064     348.2032    0.00153
  3065     348.4963    0.00000
  3066     348.5136    0.01353
  3067     348.6494    0.00215
  3068     348.6922    0.00388
  3069     348.9528    0.00302
  3070     348.9557    0.00003
  3071     349.1798    0.00015
  3072     349.2480    0.00005
  3073     349.2645    0.00000
  3074     349.3502    0.00000
  3075     349.3759    0.00079
  3076     349.4096    0.00009
  3077     349.7128    0.00285
  3078     349.7502    0.00000
  3079     349.7759    0.00131
  3080     350.2490    0.00317
  3081     350.2778    0.00000
  3082     350.2857    0.00000
  3083     350.3441    0.00166
  3084     350.6373    0.00030
  3085     350.6810    0.00000
  3086     350.7988    0.00643
  3087     350.8612    0.01373
  3088     350.9281    0.00311
  3089     351.2281    0.00053
  3090     351.6085    0.00635
  3091     351.6632    0.00003
  3092     351.8202    0.01214
  3093     351.8616    0.00433
  3094     351.8708    0.00003
  3095     352.3335    0.00000
  3096     352.4243    0.00027
  3097     352.5602    0.00575
  3098     352.7391    0.00000
  3099     352.7846    0.00000
  3100     353.0623    0.00042
  3101     353.0996    0.00575
  3102     353.1101    0.00041
  3103     353.1700    0.00002
  3104     353.2538    0.00613
  3105     353.7171    0.00000
  3106     353.9757    0.01009
  3107     353.9829    0.00150
  3108     354.0393    0.00056
  3109     354.1862    0.00118
  3110     354.1881    0.00080
  3111     354.2084    0.00126
  3112     354.2760    0.00000
  3113     354.9169    0.00180
  3114     354.9450    0.00531
  3115     354.9669    0.00182
  3116     354.9821    0.00082
  3117     355.5667    0.00000
  3118     355.6251    0.00066
  3119     355.6812    0.00000
  3120     355.7372    0.00022
  3121     355.8272    0.00000
  3122     356.0865    0.00162
  3123     356.1273    0.00122
  3124     356.8648    0.00000
  3125     356.9275    0.00066
  3126     357.0653    0.00057
  3127     357.1302    0.00601
  3128     357.1887    0.00001
  3129     357.3126    0.02123
  3130     357.3218    0.00002
  3131     357.3877    0.00992
  3132     357.4342    0.00361
  3133     357.5014    0.00000
  3134     357.9817    0.00291
  3135     357.9852    0.00007
  3136     358.5723    0.00001
  3137     359.2468    0.00000
  3138     359.3359    0.00000
  3139     360.3905    0.00011
  3140     360.4547    0.00000
  3141     360.5647    0.00553
  3142     360.6497    0.00080
  3143     360.7296    0.01336
  3144     360.7892    0.00007
  3145     360.8666    0.00368
  3146     362.9906    0.01429
  3147     363.2367    0.01000
  3148     363.2669    0.02919
  3149     364.0082    0.00140
  3150     364.1017    0.00001
  3151     364.5970    0.01826
  3152     364.6214    0.01002
  3153     364.8215    0.00382
  3154     364.8542    0.00367
  3155     365.0682    0.01638
  3156     365.4356    0.00023
  3157     365.8285    0.00081
  3158     366.1497    0.00087
  3159     366.1856    0.00041
  3160     366.4416    0.00003
  3161     366.4439    0.00020
  3162     366.8422    0.00391
  3163     366.9314    0.00353
  3164     368.4487    0.01884
  3165     368.5243    0.00455
  3166     368.5838    0.00066
  3167     368.6493    0.00265
  3168     368.9974    0.00017
  3169     370.7902    0.00063
  3170     370.8556    0.00000
  3171     370.8978    0.00138
  3172     370.9618    0.00031
  3173     371.0812    0.00010
  3174     371.1046    0.00000
  3175     371.2022    0.00003
  3176     372.6630    0.00807
  3177     372.8156    0.00015
  3178     372.8972    0.00519
  3179     373.9006    0.00071
  3180     373.9646    0.00014
  3181     375.1632    0.00258
  3182     375.2521    0.01115
  3183     375.4340    0.00003
  3184     375.9798    0.00410
  3185     376.0444    0.00970
  3186     376.8177    0.00000
  3187     376.8837    0.00002
  3188     377.3618    0.00006
  3189     377.3817    0.00000
  3190     377.4614    0.00000
  3191     377.4650    0.00451
  3192     377.9541    0.00320
  3193     378.0497    0.01029
  3194     378.1845    0.00085
  3195     378.2478    0.00434
  3196     379.8091    0.00193
  3197     380.6432    0.00969
  3198     380.6952    0.00496
  3199     381.0425    0.00063
  3200     381.0806    0.00311
  3201     381.3864    0.00166
  3202     381.5422    0.01410
  3203     381.5616    0.00275
  3204     381.5922    0.00075
  3205     382.5466    0.00097
  3206     382.5485    0.00663
  3207     382.7930    0.00018
  3208     382.8041    0.02469
  3209     383.4937    0.00280
  3210     383.5177    0.00002
  3211     384.7074    0.01016
  3212     385.1877    0.00515
  3213     385.2806    0.00560
  3214     385.8872    0.00319
  3215     385.9511    0.00800
  3216     388.1582    0.00148
  3217     388.5350    0.01597
  3218     388.5724    0.00538
  3219     388.6177    0.00101
  3220     388.7072    0.00016
  3221     388.8537    0.01682
  3222     388.8979    0.00143
  3223     389.5228    0.00211
  3224     389.5810    0.00179
  3225     389.6240    0.00154
  3226     394.6138    0.00064
  3227     394.7363    0.00357
  3228     394.8330    0.00181
  3229     395.3139    0.00026
  3230     395.3800    0.00416
  3231     396.1160    0.00129
  3232     396.2094    0.00705
  3233     396.4696    0.00070
  3234     396.9031    0.00614
  3235     396.9689    0.00206
  3236     411.1207    0.04930
  3237     411.7965    0.00150
  3238     412.3588    0.00129
  3239     412.4546    0.00210
  3240     412.6750    0.00000
  3241     413.7445    0.00009
  3242     413.8108    0.00018
  3243     414.2037    0.00006
  3244     414.8154    0.00000
  3245     414.8782    0.00112
  3246     415.1624    0.00005
  3247     415.5068    0.00018
  3248     415.5205    0.00014
  3249     415.6868    0.00025
  3250     416.3766    0.00186
  3251     416.3945    0.00000
  3252     416.4733    0.00010
  3253     416.8239    0.00106
  3254     417.0785    0.01105
  3255     417.0921    0.00003
  3256     417.3015    0.00001
  3257     417.3606    0.00158
  3258     417.4748    0.00000
  3259     417.5069    0.00016
  3260     417.6260    0.00009
  3261     417.8097    0.00055
  3262     418.3171    0.00009
  3263     418.3912    0.00215
  3264     418.4769    0.00093
  3265     418.8151    0.00423
  3266     419.2348    0.00398
  3267     419.5639    0.00092
  3268     419.6878    0.00150
  3269     419.9918    0.00306
  3270     420.2150    0.01405
  3271     420.4669    0.01078
  3272     420.5059    0.00894
  3273     420.7829    0.00572
  3274     421.0005    0.00007
  3275     421.0122    0.00003
  3276     421.2005    0.00061
  3277     421.3844    0.00184
  3278     422.0033    0.00021
  3279     422.8242    0.00998
  3280     422.8882    0.00669
  3281     423.1641    0.00000
  3282     423.2114    0.00018
  3283     423.4292    0.00137
  3284     423.5263    0.00006
  3285     424.2153    0.01118
  3286     424.7002    0.01581
  3287     425.1023    0.00000
  3288     425.3049    0.00016
  3289     425.3430    0.00000
  3290     425.8871    0.00005
  3291     426.0117    0.00076
  3292     426.1516    0.00030
  3293     426.3749    0.00018
  3294     426.3960    0.00391
  3295     427.4622    0.00222
  3296     427.8799    0.00022
  3297     428.2525    0.01165
  3298     428.2753    0.00017
  3299     428.5939    0.00356
  3300     428.6974    0.00000
  3301     429.0367    0.00495
  3302     429.3987    0.00788
  3303     429.7361    0.00306
  3304     429.7838    0.00038
  3305     430.3490    0.00000
  3306     430.4215    0.00327
  3307     430.5066    0.00437
  3308     430.6048    0.00501
  3309     431.0111    0.00507
  3310     431.3402    0.01478
  3311     431.5927    0.00002
  3312     431.9796    0.00011
  3313     432.5612    0.00228
  3314     432.6965    0.00753
  3315     433.6275    0.00097
  3316     433.6434    0.00080
  3317     433.6500    0.00107
  3318     434.1038    0.00000
  3319     434.5297    0.00333
  3320     434.8519    0.00731
  3321     434.9659    0.00000
  3322     435.5805    0.00131
  3323     435.9503    0.00063
  3324     436.2876    0.00530
  3325     436.6024    0.00173
  3326     436.9411    0.00000
  3327     437.7013    0.00262
  3328     438.2803    0.00771
  3329     438.8898    0.00429
  3330     439.5387    0.00001
  3331     439.9051    0.00000
  3332     441.4821    0.00000
  3333     441.5079    0.00029
  3334     442.2478    0.00971
  3335     443.5783    0.01527
  3336     445.3148    0.00398
  3337     446.3274    0.00079
  3338     446.7236    0.00713
  3339     447.2946    0.07010
  3340     448.5809    0.00277
  3341     449.0469    0.00000
  3342     449.7768    0.01473
  3343     450.3475    0.01031
  3344     450.8077    0.02129
  3345     451.5256    0.01062
  3346     451.9567    0.00254
  3347     452.1007    0.00107
  3348     452.6560    0.00001
  3349     453.2677    0.00700
  3350     453.4662    0.00000
  3351     453.4980    0.00495
  3352     454.0948    0.00158
  3353     454.8623    0.01315
  3354     454.9244    0.00028
  3355     455.8409    0.00018
  3356     456.6865    0.00097
  3357     456.9148    0.00000
  3358     457.1750    0.00000
  3359     458.4960    0.00070
  3360     459.1823    0.01154
  3361     459.4098    0.00000
  3362     459.7231    0.00172
  3363     459.9333    0.00356
  3364     461.5669    0.00022
  3365     462.5931    0.00333
  3366     462.6530    0.00334
  3367     463.5258    0.00015
  3368     464.2428    0.00005
  3369     464.3852    0.01415
  3370     464.6339    0.00000
  3371     465.0852    0.00059
  3372     466.1665    0.00925
  3373     467.0125    0.00145
  3374     467.6899    0.00006
  3375     468.4462    0.00234
  3376     469.0622    0.00594
  3377     470.0773    0.00000
  3378     470.3809    0.00049
  3379     471.1497    0.00000
  3380     471.6747    0.01897
  3381     471.9844    0.00034
  3382     474.1381    0.00157
  3383     475.0060    0.00314
  3384     477.1158    0.00035
  3385     478.8300    0.00081
  3386     479.8959    0.00059
  3387     483.0104    0.00076
  3388     483.3155    0.00052
  3389     485.4157    0.00190
  3390     487.7032    0.01976
  3391     489.0126    0.00000
  3392     490.6239    0.00001
  3393     492.2510    0.00190
  3394     495.7726    0.01448
  3395     497.0956    0.00515
  3396     497.8903    0.00002
  3397     499.4922    0.00003
  3398     502.1707    0.00374
  3399     502.2704    0.00108
  3400     509.2331    0.00024
  3401     511.5985    0.00013
  3402     528.0880    0.00024
  lowest singlet excitation = 6.0196 eV  (f = 0.00665)
